pair_address,token_address,estrato,sync_count,mint_count,burn_count,transfer_count,token0_decimals,token1_decimals,first_block,last_block,lifespan_blocks,active_days,last_event_type,terminal_burn_flag,transfers_count,unique_senders,unique_recipients,total_value,top3_n,concentration_top3,burn_ratio
0x78a8805acf5d1a7b28a83d79bccda0def40b4335,0xebf919584021075d3f7bf3d6cf1c6dc318221eff,bajo,9,1,1,4,18,18,10956992.0,10957579.0,587.0,0.0866087962962963,burn,1.0,10.0,5.0,7.0,1.7239135258430614e+22,6.0,0.6,0.5
0xa5ffe698f774ef96871a9641ff2b56b8ab97fc12,0x219865b49bea3a1638084cd1e8c6c87e36de308f,bajo,9,6,2,11,18,18,12586083.0,12857613.0,271530.0,42.29604166666667,burn,1.0,43.0,11.0,20.0,1.4917069672642946e+28,17.0,0.3953488372093023,0.2857142857142857
0x7e47c5c0fe5838e9c29735923547b388bf95b7b7,0xfa235907a2705f3b55b222b29bb4637549fd3d28,bajo,14,1,1,6,18,18,13150967.0,13206210.0,55243.0,8.538819444444444,burn,1.0,30.0,7.0,12.0,4.0253898879863613e+30,20.0,0.6666666666666666,0.5
0xe5c1ad5f6f3f051cccebf9236e712dd1bf45b61a,0xcccdb294b52fc00051bf694fc798efee33bc0358,bajo,13,1,1,4,18,18,12664687.0,12688763.0,24076.0,3.7582060185185187,burn,1.0,15.0,4.0,13.0,3.835923727223247e+30,5.0,0.3333333333333333,0.5
0xe89052e63a5914ed4fb5e5b7d507c36b8b7a4386,0x81835d805d3b4baeaf31655ee62fa6b7cafdb599,bajo,9,5,1,8,18,18,12358068.0,12358219.0,151.0,0.023113425925925926,burn,1.0,11.0,4.0,5.0,1.0005857772515537e+33,9.0,0.8181818181818182,0.16666666666666666
0x63d6acffb0f747c601ed6e0b58c1c2ce0ce72d60,0x43da623816e6249cdd8462a426d8fce9164dfd8c,bajo,8,1,1,4,18,18,11105564.0,11113070.0,7506.0,1.1500462962962963,burn,1.0,201.0,5.0,199.0,9.190095639810415e+24,5.0,0.024875621890547265,0.5
0x8d2e516e661fea86dcc64094d33c78a7f6a90c66,0xd4ecdf665de33427c293ba178f4da2bd09d52a8e,bajo,11,1,0,2,18,18,,,,,,,,,,,,,0.0
0xa2829dda978ec1b2307fb431760db1f4d33c675e,0x7300eab43eeeaf3e4cf55573a4cf386347d2bcad,bajo,17,1,1,5,18,18,12257093.0,12257235.0,142.0,0.022789351851851852,sync,0.0,19.0,4.0,16.0,3.6614916368486116e+32,6.0,0.3157894736842105,0.5
0x8b5ed5d0cd94c49597cba3a8a89a6f7ec673127e,0x04b36ce1a6e8f6255ee82c9647f6357e2f4668e8,bajo,7,1,1,4,18,18,12609293.0,12609412.0,119.0,0.01758101851851852,burn,1.0,9.0,4.0,8.0,1.9203810953399783e+26,4.0,0.4444444444444444,0.5
0x8b662f167916ac9095d0687d185f568fb21b8647,0x3eee07d48dab5ba20e414fcefd9d1a0fa92e1bda,bajo,9,1,1,4,18,18,10999981.0,11000749.0,768.0,0.11767361111111112,burn,1.0,11.0,5.0,7.0,2.699574939521075e+24,7.0,0.6363636363636364,0.5
0xa66f81d1b7e75a55eb65665a1d00d6c984c131be,0xb16d7fab1b733fae97abf6a280411de3e55b39e0,bajo,18,1,0,4,18,18,11454426.0,11465959.0,11533.0,1.7657060185185185,sync,0.0,20.0,7.0,10.0,2.7674217172257913e+27,13.0,0.65,0.0
0x561f325c2d5c2ec3ee09ccc637d9a4c206b631ac,0xf8b41354cb29ce8b43b532d2baa06f15b0ecbb10,bajo,8,1,1,4,18,18,12585717.0,12588568.0,2851.0,0.45064814814814813,burn,1.0,10.0,4.0,9.0,2.9782497596802178e+23,4.0,0.4,0.5
0xd94c4ea89d69fbdff4b4bac9fb115fb4dda056de,0x87654bf470056d7f13b2be176b6c76ea7d97e10d,bajo,8,1,1,4,18,18,10768765.0,11063403.0,294638.0,45.44619212962963,burn,1.0,9.0,4.0,7.0,4.365649836282761e+20,5.0,0.5555555555555556,0.5
0xb7ad6abb269537fa07da4fffd66059e84451877c,0xe33cd1de64508f19ecc2f5dbf6ef443f7c4fb00a,bajo,17,1,1,4,18,18,13075533.0,13075639.0,106.0,0.01800925925925926,burn,1.0,21.0,9.0,14.0,3.419736465957299e+30,10.0,0.47619047619047616,0.5
0xc338c3da844da89eb5bb373130cffc1847be6d27,0xed179413da4ee6bdc8f7ac6be5f023560b60314b,bajo,22,1,1,4,18,18,12601210.0,12601426.0,216.0,0.031053240740740742,burn,1.0,27.0,6.0,23.0,2.6044689940620754e+24,7.0,0.25925925925925924,0.5
0x71c1d314db8850f95a499246e45cc03146df29dd,0x30101bdb477776e7e3b3e3659bb2b5515952b656,bajo,18,1,1,4,18,18,12490094.0,12490596.0,502.0,0.080625,burn,1.0,20.0,8.0,13.0,1.9921839026092065e+31,10.0,0.5,0.5
0x4fa1311bbf86bcce0651a9e823db4e3a238717c1,0x7278264d96813f2b22cff0f543e2a3973467d0ea,bajo,25,5,3,16,18,18,12235542.0,12326286.0,90744.0,14.007314814814816,sync,0.0,76.0,9.0,19.0,1.9352795401993932e+30,55.0,0.7236842105263158,0.5
0x4c608ab8ab7e593ba96d9bbe201783d36f726523,0xe7e9adc235360c2b6c53f68f6fba58d0955790fd,bajo,6,1,1,4,18,18,12286742.0,12286782.0,40.0,0.005405092592592592,burn,1.0,8.0,5.0,6.0,3.871095742315263e+20,5.0,0.625,0.5
0xa57cce8c5c5428b306f039a0c5926f6a70d91e3e,0xd7b1d6e053c6109e74df127006098ab9605e303a,bajo,9,4,2,9,18,18,11124575.0,11124698.0,123.0,0.019814814814814816,burn,1.0,13.0,5.0,5.0,5.343002794912928e+21,11.0,0.8461538461538461,0.4
0x5f1157264e23112b491c8f5bcde00566fe9023de,0x0706b4398c99d6494028be68ccdbd668a8e4a99f,bajo,10,1,1,4,18,18,12700915.0,12701261.0,346.0,0.05369212962962963,burn,1.0,13.0,4.0,10.0,2.9642836840234647e+33,6.0,0.46153846153846156,0.5
0x2c8b78926ceb653225e741028966fadd5456f762,0x2ad63a2b7e6eade59ba1e0d2777bd5e963613877,bajo,14,1,1,4,18,18,12311237.0,12311321.0,84.0,0.014016203703703704,burn,1.0,18.0,8.0,10.0,4.2912905343529556e+26,11.0,0.6111111111111112,0.5
0x966b5651e0528767af7bd8613b4f6bbe16255017,0xe6fbca3863a667b5f22952c283edd1b51f9fd152,bajo,18,1,12,26,18,18,11226166.0,11260811.0,34645.0,5.318923611111111,burn,1.0,60.0,3.0,5.0,3.0327707296e+21,54.0,0.9,6.0
0x066854b5445d19fca0f4c053632b80f8a5ca6a6a,0x09582cc82869e4548a908df39be6b2cef9427f33,bajo,15,1,1,4,18,18,12602078.0,12602107.0,29.0,0.0061342592592592594,burn,1.0,19.0,9.0,11.0,4.84751396610162e+30,11.0,0.5789473684210527,0.5
0x1fd0376816edddb3b682ece758b6b1ffaa1d03c3,0x7c4eb342a0298f8d8e0e6ac3e1f3efae0c7ea655,bajo,13,1,1,4,18,18,11109236.0,11111345.0,2109.0,0.3302083333333333,burn,1.0,15.0,5.0,11.0,2.4926235419728314e+23,7.0,0.4666666666666667,0.5
0x21c0238c4121f0f5b39d63fdb3b947e9f8164be7,0xf567e2747480ec9feeec18de46afe5d74e5fd2ec,bajo,7,2,2,15,18,18,11542357.0,11561890.0,19533.0,3.002847222222222,burn,1.0,47.0,7.0,11.0,1.7534963941722024e+22,36.0,0.7659574468085106,0.6666666666666666
0x781de89ee838936392bc838abf8a60a33e199227,0x2524c1ea165f884ac42c7e1369219a1f59870650,bajo,7,1,0,2,18,18,11567806.0,11600345.0,32539.0,4.985995370370371,sync,0.0,14.0,5.0,8.0,1.113106099510919e+24,9.0,0.6428571428571429,0.0
0x95d27b2e4d48b4e6cbe346d31c90abe3fe016e98,0x103f3c536ee29b45757991f080cc0db71791d4fe,bajo,25,3,2,10,2,18,11464932.0,12151300.0,686368.0,105.5158912037037,burn,1.0,38.0,11.0,17.0,6409194210.0,17.0,0.4473684210526316,0.5
0xf72fe4a91c29662a2cd49580d849613516a62574,0xfbf1e2c2a05ab39538cc0cd8edd65cfb5ee56829,bajo,9,1,1,4,18,18,10414887.0,10415231.0,344.0,0.05340277777777778,burn,1.0,12.0,4.0,9.0,2.8402801078849905e+25,6.0,0.5,0.5
0xa13f0e8b12356f4dc1779e91ef63a152b646a1fb,0x97215b40e454b435d2871c9a74e9939133a58089,bajo,6,1,1,4,18,18,10397373.0,10397398.0,25.0,0.003912037037037037,burn,1.0,12.0,6.0,7.0,23010664587014.0,8.0,0.6666666666666666,0.5
0xf4b2a1bb7f220444fddc6a619ca5305c2f74386f,0x803a61fde7aeac9cfd0b8e032e8655254b0fbdab,bajo,25,1,1,4,18,18,12845924.0,12846109.0,185.0,0.02556712962962963,burn,1.0,27.0,8.0,22.0,2.1528085932786917e+33,8.0,0.2962962962962963,0.5
0x2e89cd3374d87541d607bf92ccb15c8a9d46ba65,0xfdb615d6a15f929ddabc6b83a4f1cf9d361b064e,bajo,18,3,0,4,18,18,11239015.0,12923622.0,1684607.0,260.03770833333334,sync,0.0,230.0,64.0,86.0,1.527177477254088e+23,63.0,0.27391304347826084,0.0
0xeb092944076521b3d1bc1839fa2290a07b84d879,0x3667055da4e935c1be7a60c961d9505ceff9272a,bajo,15,1,1,4,18,18,12989461.0,12994425.0,4964.0,0.7644560185185185,burn,1.0,17.0,4.0,12.0,3.060500599693998e+30,8.0,0.47058823529411764,0.5
0xdaaf8a0da1411497190101a827f642150e4850b2,0x3dae9991d97d0b98f83b0462a34ec4f68527ff41,bajo,6,1,1,4,18,18,11006304.0,11006409.0,105.0,0.01570601851851852,burn,1.0,7.0,4.0,5.0,5.430836991711443e+22,5.0,0.7142857142857143,0.5
0xbeebfa456113561eedb00c0a9db7b026ac7ee13b,0x427d5ddc79490fdf91b3cddcc2729a995d1d6156,bajo,7,1,1,4,18,18,10393378.0,10397146.0,3768.0,0.5799421296296297,burn,1.0,8.0,5.0,6.0,3.0364648230435433e+26,5.0,0.625,0.5
0x6a54627e1c2a38f02a993349bc8662a9fa6e1cab,0xac052b053a073bb64d6db4559140901c5756eb26,bajo,7,1,1,4,18,18,11161814.0,11163685.0,1871.0,0.2920949074074074,burn,1.0,9.0,4.0,8.0,1.0005756779130174e+29,4.0,0.4444444444444444,0.5
0x250d039cd02b6fb89637b0bb786858bd0f141d8f,0x763a4f9370ef41cd0db825adf60bb53c4a9a1bef,bajo,7,2,1,5,18,18,12168988.0,12369268.0,200280.0,30.86230324074074,sync,0.0,13.0,5.0,6.0,3.6004272039372486e+31,10.0,0.7692307692307693,0.3333333333333333
0xde7709c200ce7bb5b07f79f3fae0a4db5f569b00,0xceb75ec5c348290388e632e3e555b9267a3a475b,bajo,8,1,1,4,18,18,12583850.0,12585876.0,2026.0,0.31364583333333335,burn,1.0,9.0,3.0,7.0,2.864417696158004e+26,5.0,0.5555555555555556,0.5
0x28318d1a1d913219dd2d351ae92f06fb44df21dd,0x6754e1d9daa1986b41e6530d34384f0726a0db59,bajo,7,1,1,4,18,18,10535197.0,10539533.0,4336.0,0.6666319444444444,burn,1.0,16.0,9.0,15.0,1.5823376692861269e+24,4.0,0.25,0.5
0x26256e6e2628e0216b7d6ab7afca53b4839c8865,0xbdb84d00d489cace7b9c9fadc64397cce606f322,bajo,13,1,1,4,18,18,12285147.0,12285687.0,540.0,0.07844907407407407,burn,1.0,16.0,5.0,14.0,3.687372153074312e+30,5.0,0.3125,0.5
0x50c2e5d670e590ca1a1a505d3df220947d7b9223,0xecf96bee48be24f8ce1ea045a4f6c6cf061190e1,bajo,25,1,1,4,18,18,11640741.0,11660223.0,19482.0,2.9822800925925925,burn,1.0,30.0,5.0,28.0,1.3639654815163032e+25,5.0,0.16666666666666666,0.5
0x93e0b685ad8d7c0b6f2959a35f5257bd7bb2d4be,0x47a7168cacf04a5bf288af0316f2f6f240a4ca8a,bajo,9,1,1,4,18,18,11450475.0,11459692.0,9217.0,1.4133796296296297,burn,1.0,13.0,6.0,8.0,2.50322146655405e+21,8.0,0.6153846153846154,0.5
0x44ca7de37fe94a8a08bf98cf0d9666c39f689fed,0x66a39df646bfbee0386724deea63b0496c940196,bajo,19,1,1,4,18,18,12488075.0,12489411.0,1336.0,0.20631944444444444,burn,1.0,24.0,11.0,13.0,3.2468218089286625e+33,13.0,0.5416666666666666,0.5
0x585248d32f1e9c849d7a68bfda799c45481868c4,0xdd66a640a9f1d412c75604c489f427121312e88b,bajo,11,1,0,4,18,18,12549329.0,12565278.0,15949.0,2.466597222222222,sync,0.0,13.0,3.0,10.0,2.003960282003096e+35,6.0,0.46153846153846156,0.0
0xa969bbca15938e076d724dfb31cd747cf9077624,0xf979d80a1aa41530424b9862db13900fd49e86fb,bajo,24,1,1,4,18,18,11194669.0,11203713.0,9044.0,1.3762152777777779,burn,1.0,76.0,9.0,57.0,3.519856980175221e+23,14.0,0.18421052631578946,0.5
0x25ac3e9701d493617f7f133c320d9c163ca2a63e,0x0c0a13dad5a29d6047ae3982c7ac9118a998500d,bajo,10,1,1,4,18,18,11265030.0,11265145.0,115.0,0.016226851851851853,burn,1.0,12.0,7.0,7.0,5.251384634561662e+22,8.0,0.6666666666666666,0.5
0xa5c9249341391da2e63f7c6d45b2dcd12fb6b4c2,0xc1c256951d6ceb231782928c73ceb65dbe6a4e2e,bajo,7,1,1,4,18,18,11208411.0,11208419.0,8.0,0.0008680555555555555,burn,1.0,9.0,6.0,6.0,4.587269047899952e+21,6.0,0.6666666666666666,0.5
0x662ced7121c301878d725123a96064caef9c70e2,0x30b59089375fbcf08700e67930dc8ae4abb4fb58,bajo,10,1,1,4,18,18,11012839.0,11013109.0,270.0,0.04366898148148148,burn,1.0,14.0,5.0,10.0,3.974278238754185e+22,7.0,0.5,0.5
0x1bdc648635ffa25bded18e7234e65ab1e7d45bb1,0x6623a73b5c24b218a32b44822a3073c8a8b1ddfb,bajo,24,1,1,4,18,18,12293283.0,12427752.0,134469.0,20.760069444444444,sync,0.0,26.0,6.0,20.0,3.5877408419648364e+18,8.0,0.3076923076923077,0.5
0xfa1a2acf40ba8230ca6ef93c841615907365b7e9,0xc21005f0aaa8b7fcc6a4b584c764ddff14f1f953,bajo,22,1,1,4,18,18,10755986.0,10757343.0,1357.0,0.20543981481481483,burn,1.0,24.0,9.0,9.0,4.0371486747911e+23,18.0,0.75,0.5
0x562bd806f2619fe2c489fc699e82bf38f62f6f1b,0x942faa1b647072fe322fe66e11fe065e38a6d5ea,bajo,10,1,1,4,0,18,12158721.0,12160610.0,1889.0,0.29466435185185186,burn,1.0,11.0,5.0,9.0,297677403.0,5.0,0.45454545454545453,0.5
0xe3c065793cce751139dfea980a85f8974493a873,0xc2dcee6d3f98480e6fea715b87b6a5630a0afc05,bajo,13,1,1,4,18,18,11123976.0,11125919.0,1943.0,0.2986111111111111,burn,1.0,15.0,4.0,11.0,1.6731847265160726e+23,7.0,0.4666666666666667,0.5
0x85c357e6b241323b37850bfef0e3174f59e05e03,0xe25c1426127fa97c4a5a4b8c5479a899198cfff2,bajo,12,1,1,4,18,9,12752666.0,12754977.0,2311.0,0.3675347222222222,burn,1.0,16.0,6.0,13.0,2.1621452181727373e+20,6.0,0.375,0.5
0xddd7bbbef226d74776c2bc29cdb7f8eebf0ec661,0x8ae545aa5d2f8d8eb140b65e9a8eb2064fd5c3f2,bajo,12,1,1,4,18,18,11426702.0,11437476.0,10774.0,1.670763888888889,burn,1.0,14.0,4.0,12.0,1.773975630379169e+24,5.0,0.35714285714285715,0.5
0x45872fd64a93acb483b22254e03451135a754828,0x59fd2bb79c529fcc3c338899290a6754682c8883,bajo,22,3,1,6,18,18,10600986.0,10610937.0,9951.0,1.5246527777777779,mint,0.0,29.0,14.0,18.0,1.0000261499247408e+28,13.0,0.4482758620689655,0.25
0xc5b4ed8a2e9f67c82e3bf618e2f5cddd47927bcb,0xc2da941640e5e512d6645ee2d93157ed95b65f4a,bajo,8,1,1,4,18,18,10791534.0,10791622.0,88.0,0.01355324074074074,burn,1.0,10.0,6.0,6.0,6.134183966142812e+24,7.0,0.7,0.5
0x8bc1cd72e8d1418f6073120226e0854248ef116c,0x47512b788d4daea33a582238069bddd36d020d64,bajo,9,1,1,4,18,18,10619319.0,10619437.0,118.0,0.021875,burn,1.0,11.0,5.0,9.0,3.5869946146865924e+25,5.0,0.45454545454545453,0.5
0xe410f1b9199977bee98468f9e409e1978ab4c814,0x7c8f6d8a03a82d55e3cfaa0b527771f95b091168,bajo,17,1,1,4,18,18,10968310.0,10970243.0,1933.0,0.3057986111111111,burn,1.0,122.0,22.0,21.0,1.2160406746460573e+24,75.0,0.6147540983606558,0.5
0xe3a3776fda1de59a88b11e01cd4f488f0a8b0f2d,0x6974aa8df4cfe67016a9254b400e7d45916c910d,bajo,18,1,1,4,18,18,12612014.0,12615608.0,3594.0,0.5656134259259259,burn,1.0,19.0,3.0,18.0,1.1093311404149229e+33,4.0,0.21052631578947367,0.5
0xa53bd174e81abbe31a29b674d4b1d4047eb109e6,0x6022272c5cfc1384550a1316effff6258d714f86,bajo,10,1,1,4,18,18,12592646.0,12592797.0,151.0,0.02162037037037037,burn,1.0,13.0,6.0,10.0,2.5483204013516362e+33,6.0,0.46153846153846156,0.5
0xd4d08b4c7ef3efca25bc85d882aed5f8eb776259,0x2a528bd4c49486ad48581739bbb3bd83d1b7d346,bajo,18,1,1,4,18,18,13075931.0,13076004.0,73.0,0.011886574074074074,burn,1.0,20.0,7.0,13.0,4.562814586333926e+23,9.0,0.45,0.5
0xb4227d3a8f5bb914d6320d0e3efa71776ddc8f58,0xf6b76aa49f8535238f06850fd93e5ea27a378751,bajo,8,1,1,4,18,18,10972762.0,10972968.0,206.0,0.03329861111111111,burn,1.0,9.0,5.0,7.0,2.1028357389953946e+24,5.0,0.5555555555555556,0.5
0xdff5ee7b0234a6e3c4f3cf2975c0d236da21f263,0x5b0b96c59c00a04c227d6deb6c778d6bc59b83bf,bajo,10,5,0,10,18,18,11452098.0,11456779.0,4681.0,0.7156712962962963,sync,0.0,12.0,5.0,5.0,1.3369924117547016e+19,10.0,0.8333333333333334,0.0
0x3e4b8ec9c2e7c9ffe3b0d95bc496354ac8b084b1,0x57615e37fe8f6a75e43a4fe5e70d2ba7dba8b9ad,bajo,12,1,1,6,18,18,12593065.0,12593363.0,298.0,0.040115740740740743,sync,0.0,21.0,7.0,11.0,3.999553170754673e+32,13.0,0.6190476190476191,0.5
0x421c3a02e68425d9217bbad4856a8d0a2c7230d3,0x8e601412e77d2d9cc4d07b0778ba8f72683cb9c2,bajo,7,1,1,4,18,18,10727584.0,10727832.0,248.0,0.037349537037037035,burn,1.0,9.0,5.0,5.0,6.136828836034272e+22,7.0,0.7777777777777778,0.5
0x02f6fe373f17b082c33ced17f48c36b6a8335ba7,0x4083ea47cbbcc2c39ed9803ea5bba88b15f9d23f,bajo,6,1,1,4,18,18,10851814.0,10852858.0,1044.0,0.16145833333333334,burn,1.0,9.0,4.0,6.0,1.401e+22,6.0,0.6666666666666666,0.5
0xb938a6668629023f82ccfa8dbaed43024ab4fa50,0x44d9b9a3dae40b3dec380157f631f3988f249b05,bajo,11,1,1,4,18,18,11184797.0,11191654.0,6857.0,1.0563773148148148,burn,1.0,13.0,6.0,8.0,4.9412073578633315e+25,8.0,0.6153846153846154,0.5
0xa1921aab359753378fc065085aef6c594a245386,0xf6c4c1259ba6defe5120fb782b923ca3170d2357,bajo,7,1,1,4,18,18,10463465.0,10463519.0,54.0,0.00755787037037037,sync,0.0,9.0,5.0,7.0,1.20490093568859e+25,5.0,0.5555555555555556,0.5
0xb77f3dfeb8cc0893ca704d571cfa358ed4dcbaad,0x82b611baf543dc08115ad3d1b5fb6a9f48739647,bajo,23,1,1,4,18,18,12477693.0,12479730.0,2037.0,0.3127314814814815,burn,1.0,27.0,6.0,17.0,3.445268422260266e+29,10.0,0.37037037037037035,0.5
0x34299d2076566589a892039bf46d7d45bd0fb4a1,0x18ed2be11535f3179bd4f7e9a5a1438ef462270b,bajo,9,2,1,6,18,18,10780831.0,12373372.0,1592541.0,245.0195486111111,sync,0.0,11.0,4.0,4.0,4.534767583219626e+23,10.0,0.9090909090909091,0.3333333333333333
0x0377065048d8262e0c21e7590ad981540d2e0d64,0x65e31d768cba67d8d11fe7df054addcd4e97bdf3,bajo,14,1,1,4,18,18,12319092.0,12319189.0,97.0,0.014537037037037038,burn,1.0,17.0,5.0,13.0,2.9973644710581366e+30,7.0,0.4117647058823529,0.5
0xfe53647cbe7f1b9dfc71bad7ffc00e5fdbf6f798,0xc6116bfae73c6bb8bec70b24caa75f12e2288b57,bajo,19,1,1,4,18,18,12590473.0,12590542.0,69.0,0.009155092592592593,burn,1.0,22.0,7.0,17.0,2.5375512966173127e+33,8.0,0.36363636363636365,0.5
0x6bdbf5739d26d3ac9013a21e8c56bb311cd4d421,0xe306cd1a5e74c9a8172dc3075686619189314408,bajo,25,1,1,4,18,18,13009906.0,13010269.0,363.0,0.056921296296296296,burn,1.0,27.0,4.0,19.0,2.9443622085590995e+30,10.0,0.37037037037037035,0.5
0x95ca25e79d2357f14121d33e5c462b7de6f81038,0x00e25f0fd5d6a36c252398ca14f3f29128cf5bf9,bajo,24,1,1,4,18,18,12477023.0,12483441.0,6418.0,1.0040625,burn,1.0,26.0,4.0,25.0,2.574610229407763e+26,4.0,0.15384615384615385,0.5
0x3a33d1808a7b650f50780d8b8eab6c847fb1f945,0x6db741c5739fb79b89f45ff980eb7fe85279b78b,bajo,18,1,1,4,18,18,10581757.0,10581954.0,197.0,0.034722222222222224,burn,1.0,23.0,13.0,12.0,2.115425443246151e+25,14.0,0.6086956521739131,0.5
0x8956614bbf6b500528e47ebc11b155af28c0dc05,0xf62776b40917fb253e2c4173f2d8b0031207abf8,bajo,14,3,0,4,18,18,12817012.0,12897760.0,80748.0,12.639594907407407,sync,0.0,248.0,21.0,163.0,1.6151745595562925e+17,19.0,0.07661290322580645,0.0
0xfd13804c27e0963ddbbe0cffbf5e0fb8566af4b2,0x980a74d04e0c45d38b437c6930b853c1d7bf6914,bajo,14,1,1,4,18,18,11213492.0,11218019.0,4527.0,0.7002083333333333,burn,1.0,16.0,9.0,8.0,2.2134590889360894e+22,11.0,0.6875,0.5
0x46b7f238e06b9f7a6e886564ab249ab6252d6b3c,0xb698401a5c935861d9cdf897643a2cdb8d218b63,bajo,12,2,2,7,18,18,13156249.0,13187933.0,31684.0,4.899097222222222,mint,0.0,18.0,10.0,10.0,4.482555590453557e+16,11.0,0.6111111111111112,0.6666666666666666
0x86b0cf4339cd8a4f11b2a9f96ffd0bac8f47a233,0xf832fc4b41a6e44bdfb02ac1e35fa09c6fd2a8b2,bajo,14,1,1,4,18,18,11010882.0,11011110.0,228.0,0.030069444444444444,burn,1.0,16.0,4.0,14.0,2.8450796353340804e+24,5.0,0.3125,0.5
0x1402bab1f300e22e9d0a12d960d3f13ae4a2e069,0x1c08714404a9b450cfdf5e5f11e38bfea2c5ab19,bajo,17,1,1,4,18,18,10652600.0,10652630.0,30.0,0.0044444444444444444,burn,1.0,21.0,9.0,13.0,613.0,11.0,0.5238095238095238,0.5
0x69e9f44ef8c4345b608654b14e032850a1288e7b,0x89cab03ed60844ddba9b81ebb1bf615346f272e5,bajo,25,1,1,4,18,18,12461778.0,12461916.0,138.0,0.020555555555555556,burn,1.0,27.0,10.0,19.0,2.2582773101257875e+33,11.0,0.4074074074074074,0.5
0xe30b7f81eaebdcc9013e37409296e9f634c0e439,0x59e62a33d6f53b17046c9367bef22240ce3a2079,bajo,15,1,1,4,18,18,10770106.0,10774940.0,4834.0,0.7318402777777778,burn,1.0,17.0,4.0,16.0,8.522456720025362e+22,4.0,0.23529411764705882,0.5
0x2165bc10378fdf7e375912107e4fe7d509f05aeb,0x86165b4b86276bbbcce2e9abeacde07a67f8b960,bajo,6,1,1,4,18,18,10475039.0,10475127.0,88.0,0.015196759259259259,burn,1.0,14.0,6.0,6.0,4.43899507036726e+23,11.0,0.7857142857142857,0.5
0x1bfb06f30c69af22492a8674c384731a088a97fb,0x2292225f79681bd8af33242960f7fe7063872cb7,bajo,19,1,1,4,18,18,11169212.0,11171608.0,2396.0,0.3668518518518519,burn,1.0,88.0,5.0,74.0,7.466085942721871e+23,9.0,0.10227272727272728,0.5
0x931957eb86d98b164df82b7181c81998bd15aa0e,0x093e47b551e5d6180005162383757941e55ddf41,bajo,8,1,1,4,18,18,12616311.0,12616649.0,338.0,0.049421296296296297,burn,1.0,11.0,5.0,9.0,2.9879839848087803e+30,5.0,0.45454545454545453,0.5
0x342aaefb0ed11b5eb9df5e240cc635ee57a47d7d,0x56b638ffe147a11224503d7f5d8dd5b351b78313,bajo,17,1,1,4,18,18,12505736.0,12511137.0,5401.0,0.8348842592592592,burn,1.0,19.0,7.0,11.0,1.9887697401701994e+31,10.0,0.5263157894736842,0.5
0xa18d2bbf38724bb0e67393867b4dffe714a9ca4f,0x60777cb40dbeb7189cf58f85158079565ff9a773,bajo,20,1,0,4,18,18,12612655.0,12612861.0,206.0,0.033483796296296296,sync,0.0,25.0,9.0,18.0,1.1000043173725647e+34,10.0,0.4,0.0
0x0f0e86d5e9ef4d23c645452a682c56e9f8be511f,0xb9c952045c663bf0210814072b0cbefdd08e4ff0,bajo,19,1,1,4,18,18,11117381.0,11118388.0,1007.0,0.15393518518518517,burn,1.0,23.0,6.0,14.0,1.855759006533876e+23,9.0,0.391304347826087,0.5
0x59d13594573be6139cca46c0bc604b469e0be643,0xa9672e3bbdef9e184bca35df91edb75865e2844a,bajo,19,1,1,4,18,18,13084023.0,13084066.0,43.0,0.008032407407407408,burn,1.0,31.0,9.0,24.0,2.0403613964852335e+26,10.0,0.3225806451612903,0.5
0x5b768efb9203d08562b20d9e04bd09deb7e1d3c4,0xb40183f42d7809e8921adece2d61a0961f9a8414,bajo,15,1,1,4,18,18,11016316.0,11016556.0,240.0,0.03869212962962963,burn,1.0,17.0,4.0,13.0,3.659312221430573e+24,7.0,0.4117647058823529,0.5
0x7f307a19b81680c02d18b3930ba9df77e47c787b,0x153598987c32686e2d30266c7bfbef2fbf3be411,bajo,21,1,1,4,18,18,11167734.0,11168479.0,745.0,0.11405092592592593,burn,1.0,23.0,5.0,18.0,1.2927625270359457e+23,8.0,0.34782608695652173,0.5
0xb1c73ad24a980724847d315dd5ee4130477e6fb7,0x4ba2538b2bfb31c9258db9103b99b68aa6de9109,bajo,8,1,1,4,18,18,12690220.0,12691210.0,990.0,0.1566898148148148,burn,1.0,11.0,4.0,10.0,3.7365424084841467e+24,4.0,0.36363636363636365,0.5
0xb3941a9c6b7c1752f7034639d19d499eb8ed85db,0xee5947ad2afeb9aa614d20b97b16fb9f628626cd,bajo,16,1,1,4,18,18,12442593.0,12444489.0,1896.0,0.30211805555555554,burn,1.0,20.0,6.0,13.0,2.1212464824254482e+33,9.0,0.45,0.5
0xf69303bfdecb732bbb7e4d25949022c805aa849e,0xf6ad681d9048efa2e0f6f6b6c3c8d9b9548827b5,bajo,7,1,1,4,18,18,10956766.0,10966904.0,10138.0,1.5826041666666666,burn,1.0,9.0,6.0,6.0,204384202753.0,6.0,0.6666666666666666,0.5
0x8730ac8915537c1ae52db1415b10ca358d820188,0x23621e93f9d955724dac617e964bc5b8e02b841d,bajo,16,1,1,4,18,18,11185687.0,11185742.0,55.0,0.006516203703703704,burn,1.0,18.0,7.0,12.0,1.5943738375202242e+25,9.0,0.5,0.5
0xdc86f6d93db48ec159c1fdc90ae11b7439ccbae9,0x378d85a331be27af499c14ca3a047266e1d3cb20,bajo,7,1,1,4,18,18,10728212.0,10728695.0,483.0,0.07001157407407407,burn,1.0,9.0,4.0,7.0,9.76090722832387e+24,5.0,0.5555555555555556,0.5
0x24d46d2de49ba9bbc5cc6dc7d118acc846e0b461,0xa1296f845d9822a43117f6ab5cb81c439b753ebd,bajo,7,1,1,4,18,18,10976419.0,10989380.0,12961.0,2.029837962962963,burn,1.0,9.0,6.0,6.0,9.266379496632793e+22,6.0,0.6666666666666666,0.5
0x94868d9773a12859ac1e9d84c43ca65b01ca84f0,0x62c3b24c15986bcff4f01c2f680e9746be63c158,bajo,19,1,1,4,18,18,12190515.0,12190549.0,34.0,0.005023148148148148,burn,1.0,22.0,6.0,17.0,2.6464862286420576e+32,8.0,0.36363636363636365,0.5
0x3ff69057f4e6ff3f0a3fcd45488d84a4e73d146a,0x0f06fc442bf8cbb67e0a1aea1bc83532ce3520e5,bajo,8,1,1,4,18,18,13132963.0,13133004.0,41.0,0.006724537037037037,burn,1.0,11.0,5.0,9.0,4.0665107820995285e+30,5.0,0.45454545454545453,0.5
0x34789674faeeffab46a6a6573aa0e0d216ccac85,0xc33f463f083edef2e28089c5a4702ddf82540f10,bajo,6,2,1,5,18,18,11182879.0,11182986.0,107.0,0.01721064814814815,burn,1.0,8.0,5.0,4.0,3.03639364334855e+21,7.0,0.875,0.3333333333333333
0x73b52ad296141ce82f6b200bfef9b36e54d27be4,0x0bc48b77df84d4e3d26d9c05442cfcda39bbf457,bajo,11,1,1,4,18,18,10658515.0,10658757.0,242.0,0.036412037037037034,burn,1.0,13.0,5.0,11.0,5.006123922836586e+27,5.0,0.38461538461538464,0.5
0x2d00f1c69c6d59e9f934046258a698d498777a8a,0xff2c1d31c5632560f6f8bb0ba7a1973fbabe4acf,bajo,20,1,1,4,18,18,12636090.0,12636158.0,68.0,0.01087962962962963,burn,1.0,22.0,8.0,17.0,4.297126963371564e+33,8.0,0.36363636363636365,0.5
0xd78af73fbc6af4f1d22ad806ae7e092d2b442ae3,0x47573cc60cbd0ab339a79e2a46c731f80391d6d0,bajo,6,1,1,4,18,18,12895270.0,12895528.0,258.0,0.03679398148148148,burn,1.0,9.0,4.0,7.0,2.92581821208203e+19,5.0,0.5555555555555556,0.5
0x20027e64d2cf52f21eb6bdfb34940b2f83fd37ae,0xdac1d2cf79b5211bafba652c8f1df33c56ce3a71,bajo,21,1,1,4,18,18,12992670.0,12993120.0,450.0,0.0667013888888889,burn,1.0,23.0,4.0,21.0,3.15253200278395e+27,5.0,0.21739130434782608,0.5
0x1310b55b0d06ce122df9b39aac667d63af413572,0x856f2d93c86fa40305949482847913a15eb0590c,bajo,17,1,1,4,18,18,11172630.0,11172774.0,144.0,0.022708333333333334,burn,1.0,21.0,6.0,17.0,1.8212633286709585e+24,7.0,0.3333333333333333,0.5
0x32436835fad36314394254243a60ec92078d6e63,0x8058c8e620664a065636604833c0f9250e671571,bajo,11,1,1,4,18,18,10785837.0,10786654.0,817.0,0.1287962962962963,burn,1.0,14.0,5.0,13.0,6.864252996661689e+23,4.0,0.2857142857142857,0.5
0x5ae371c292327e1bc1ee6d7d2e158536bc58a137,0x244a27759e2e9bafce49d43420ecda46847c3adc,bajo,16,1,1,4,18,18,12847509.0,12847756.0,247.0,0.03584490740740741,burn,1.0,19.0,7.0,14.0,2.994828004380628e+30,8.0,0.42105263157894735,0.5
0x81572412921843860be2dee3c7f8cbdd8f7aa9bd,0xcc0168bd7dc5a3dc2310bc47004114687485f632,bajo,8,1,1,4,18,18,10213412.0,10213559.0,147.0,0.022164351851851852,burn,1.0,9.0,6.0,6.0,8.590971985304409e+23,6.0,0.6666666666666666,0.5
0xede97eac3943e816a2b091d6ee08b2f2b9715fd6,0x7a64595a3051d345d06cea3d36470415090ac92d,bajo,12,1,0,2,18,18,10213144.0,10985235.0,772091.0,119.20340277777778,sync,0.0,12.0,3.0,10.0,2.557339913551557e+25,5.0,0.4166666666666667,0.0
0xfbc056a0e90863f6bcda247cc6ca56f5cde4fe04,0x3b35a6989b22d5e334f3e5d2a7db85015d6ed1a1,bajo,10,1,1,4,18,18,11815501.0,11815744.0,243.0,0.03931712962962963,burn,1.0,12.0,5.0,10.0,5.074336347194953e+26,5.0,0.4166666666666667,0.5
0xf9dc7cc7c5480c11d40d3da956a04b75c4c7f3aa,0xfcc3a28dc8f7e38e0b19223fcaf5d6bd595c1e22,bajo,19,2,2,7,18,18,11083840.0,11093483.0,9643.0,1.4699652777777779,burn,1.0,22.0,6.0,16.0,5.61915844920437e+22,9.0,0.4090909090909091,0.6666666666666666
0x94d2c9f0993ae384b6e3836d017f809e61f2890e,0xb26efb9a0da333599b1aa8e95579a71c02ea6715,bajo,7,1,1,4,18,18,11057964.0,11064365.0,6401.0,0.9859259259259259,burn,1.0,8.0,4.0,7.0,3.0476642730998754e+21,4.0,0.5,0.5
0x477e60bdb1f5e7f35d27aaed94761a45f21d9eb4,0x9321224086c107a357b170a141e43d826963fa61,bajo,11,1,1,4,18,18,10600401.0,10600440.0,39.0,0.005509259259259259,sync,0.0,13.0,7.0,9.0,3.549747782950795e+24,7.0,0.5384615384615384,0.5
0x8a93eab9989a645bb4c38d7ffa27b42ace7c5b22,0x52590e6f7cc7d9620c7376cc926f0fa6617d2957,bajo,8,5,2,10,11,18,10316325.0,12500521.0,2184196.0,336.4177662037037,burn,1.0,17.0,6.0,6.0,9931104951295.0,12.0,0.7058823529411765,0.3333333333333333
0x3aab31535543f711ea56797399096a8872a2d4ab,0x03dc4f413affcc9130a88eceb3f9d8236c9146e0,bajo,15,1,1,4,18,18,12404204.0,12404415.0,211.0,0.02966435185185185,burn,1.0,18.0,5.0,16.0,3.867488863238347e+24,5.0,0.2777777777777778,0.5
0x960e6c0f1f048da06354bd769805941475ae54e0,0xb1919a2f09d10eae80c201ece3401b8871a6d035,bajo,24,5,3,12,18,18,11048288.0,11418852.0,370564.0,56.87667824074074,burn,1.0,35.0,10.0,10.0,6.283982929131918e+23,24.0,0.6857142857142857,0.5
0xca2221da329f2709f7dfe592b5e250bcfca9c3c1,0xc515c1ae99c1b2926858c256b66158c27683569a,bajo,8,1,1,4,18,18,12132408.0,12132485.0,77.0,0.01099537037037037,burn,1.0,12.0,4.0,3.0,1.0030410884053246e+26,12.0,1.0,0.5
0xad4853e263c05776a181235b350830bbd24f203e,0xe542d1c5509569d446e82c88448779d86761b42e,bajo,12,1,1,4,18,18,12548265.0,12583409.0,35144.0,5.422488425925926,burn,1.0,14.0,5.0,8.0,3.5422232068117417e+21,8.0,0.5714285714285714,0.5
0xb8d822d5dd91204a2801934b00b0778efb90c95d,0x1b74c218593a92d67d70d1877fa35635980ee7be,bajo,25,1,1,4,18,18,12582574.0,12582681.0,107.0,0.015208333333333334,burn,1.0,28.0,9.0,18.0,4.127075856827126e+32,12.0,0.42857142857142855,0.5
0xf68ee57cd496b97319c82b338edf9f4f6f993617,0xacfbdf2d8a74e4d62e360282835938f2c425b655,bajo,17,1,0,4,18,18,12686047.0,12752810.0,66763.0,10.403530092592593,sync,0.0,22.0,7.0,16.0,2.484750082190656e+31,9.0,0.4090909090909091,0.0
0x43a2f40cdd50b1e7f13d793f8b0dcbc14876f3fe,0x3c49a42db2f3da3fe1056ff05441fa7fc2b9b248,bajo,16,1,1,4,18,18,12600570.0,12600689.0,119.0,0.020752314814814814,burn,1.0,19.0,7.0,14.0,2.995209028170769e+33,8.0,0.42105263157894735,0.5
0x31a4351734d2ff66977b167b598eafe0f3a5cd5a,0x007d63afd542886570046da400c403f0dc63bd08,bajo,9,1,0,4,18,18,12844353.0,12855901.0,11548.0,1.8042013888888888,sync,0.0,13.0,3.0,9.0,1.0234913144087926e+35,7.0,0.5384615384615384,0.0
0x70ef1862561f33b2488968aa1747a4f584061bed,0x505479e8bec20efad03bb2c2f429d9bc5bd75be2,bajo,11,1,2,6,18,18,12232175.0,12232364.0,189.0,0.031608796296296295,burn,1.0,21.0,4.0,19.0,1.206159511513877e+26,5.0,0.23809523809523808,1.0
0xd7a463b271b671b2a931021cc2b3643cbfbe8bc8,0xae409e870a5310c7a9cf8d301ec36f6ad7362ac0,bajo,13,1,1,4,18,18,12597959.0,12598051.0,92.0,0.015150462962962963,burn,1.0,15.0,6.0,11.0,4.029647357437803e+32,7.0,0.4666666666666667,0.5
0x759764439997ba051011c732cbe8f8c07f333fb1,0xfd8962a90358cf9539070cb29f3f2f5a88b55f7d,bajo,17,1,1,4,18,18,10762249.0,11269040.0,506791.0,78.01233796296296,burn,1.0,18.0,5.0,10.0,1.6669362943481803e+25,11.0,0.6111111111111112,0.5
0xc774f8e652cbcd2d7861dffbc266358fdeb453a3,0x6b94f30d25d0ab82a3f73b49c9029b81b9eb4524,bajo,11,1,1,4,18,18,12675555.0,12848619.0,173064.0,27.012048611111112,sync,0.0,17.0,7.0,8.0,3.306031626352231e+23,11.0,0.6470588235294118,0.5
0x8931eae68531b75e876e9151cae7a63760c3891a,0xc09194cf9646bd0347f78fd8546e1751a08ea348,bajo,10,1,1,4,18,18,12545102.0,12545153.0,51.0,0.009027777777777777,burn,1.0,15.0,7.0,10.0,3.0943108928889317e+31,8.0,0.5333333333333333,0.5
0x45f03fe1fe49c6f5a5ed68e6ec089587b82d211e,0xd8ec9dcd197811731c4b898500e967671473d2d0,bajo,17,1,1,4,18,18,11181265.0,11183502.0,2237.0,0.34325231481481483,burn,1.0,19.0,4.0,14.0,2.5890585955831847e+23,8.0,0.42105263157894735,0.5
0xe6afbaf6bdded59f80969af0665e1b04968162d7,0xa9a7a4100ecb52a6bb19d3969aa78a19c1852778,bajo,10,1,1,4,18,18,10737004.0,10737219.0,215.0,0.031435185185185184,burn,1.0,12.0,7.0,8.0,1.621499488438257e+24,7.0,0.5833333333333334,0.5
0xc964f4e990adde7e3026d99833c6967246e5ec85,0xd858aedf64347262cb808ee31a961902c16fd0bf,bajo,9,1,1,4,18,18,10741720.0,10741784.0,64.0,0.010150462962962964,burn,1.0,11.0,4.0,9.0,77249.0,5.0,0.45454545454545453,0.5
0x66d586f4f61054c7bed5f0d016031312da666213,0x36b72e22bc584015f07c586c11d8bd5bcf788356,bajo,9,1,1,6,18,18,12108195.0,12108573.0,378.0,0.057881944444444444,sync,0.0,31.0,10.0,18.0,5.031341345504148e+25,16.0,0.5161290322580645,0.5
0x8634b4ce85952b51e13c604b7c7c7fe3d20dd963,0xc35c6285d3523573be480c9adbe0d2b606a9f816,bajo,6,1,1,4,18,18,11200656.0,11252426.0,51770.0,7.949780092592593,burn,1.0,9.0,5.0,6.0,1.0021620964033116e+23,6.0,0.6666666666666666,0.5
0x5cd1128becb903b8d80fb2ee6f63d59518c89713,0xfb6a7831bd2498accbc9fb97fc1b740752ed9f02,bajo,22,1,1,4,18,18,12553407.0,12555075.0,1668.0,0.2461111111111111,burn,1.0,27.0,7.0,23.0,2.030049431236633e+28,7.0,0.25925925925925924,0.5
0x5ff89a83260cfea323d1229348771acea3204ba6,0x4f18daf2513ea282952f8f6bec0f14527190ae75,bajo,6,1,1,4,18,18,10497269.0,10497284.0,15.0,0.002627314814814815,burn,1.0,28.0,12.0,14.0,1.1785590654599647e+24,13.0,0.4642857142857143,0.5
0xe98922f4d52a4c1986f49be1c40426e88cb3e35d,0xadf0ba4563ffaa91691e22144528aeab0ebf54d6,bajo,7,2,2,7,18,18,12760018.0,12760094.0,76.0,0.012314814814814815,burn,1.0,13.0,6.0,6.0,2.617369260823212e+21,10.0,0.7692307692307693,0.6666666666666666
0xb803d636005eb78b92604a39df3ffa8eafd7284a,0x80d3fd6d083a00536ace08ca550d583012e5b9a3,bajo,22,8,2,13,18,18,12703914.0,12766180.0,62266.0,9.691006944444444,burn,1.0,48.0,12.0,24.0,1.5170763470237369e+24,25.0,0.5208333333333334,0.2222222222222222
0xe277bb9732cbc198a549973a020302e4b6e8af5b,0xd3c7c6c5655e6f85b8351aae90f1403566176ed8,bajo,18,5,3,12,18,18,11974522.0,12335206.0,360684.0,55.55829861111111,sync,0.0,23.0,6.0,5.0,7.290913846396497e+24,20.0,0.8695652173913043,0.5
0xcc25d72c5d451a93f7d36c596ddfabda895036ba,0x90f58bbdccfd41e294cc9cf8ea035d33f4693269,bajo,19,1,1,6,18,18,11412917.0,11416986.0,4069.0,0.6201157407407407,sync,0.0,21.0,5.0,14.0,1.668888280204021e+24,7.0,0.3333333333333333,0.5
0x560a4142d1d8bd30c8a61a8137ffcc02b68d907e,0x97a67ee91ba602f4205feee9a77630bce37dc9e6,bajo,14,1,1,4,18,18,11485418.0,11485507.0,89.0,0.014004629629629629,burn,1.0,16.0,6.0,9.0,2.070493878217224e+26,9.0,0.5625,0.5
0x20ae5f96ceab712608f60e1ca6c1fff406dfba54,0xb9dcd222cefbd14384df2eada2f61cf8ad29015f,bajo,11,1,1,4,18,18,11118563.0,11118623.0,60.0,0.009780092592592592,burn,1.0,14.0,6.0,7.0,3.742181689002581e+21,10.0,0.7142857142857143,0.5
0xa8d745e5a64c8d590f8fab98ebf51d3b84612d47,0xb6e8a864d56e90f9d6202f1868220af8a3b87c31,bajo,6,1,1,4,18,18,12715490.0,12715939.0,449.0,0.07813657407407408,burn,1.0,8.0,5.0,5.0,3.99670398522353e+29,6.0,0.75,0.5
0x4c7c1e2b5d05243442a221f60b577c5940959b72,0x275dc4861cdca27459f9513adacd64110afdeb86,bajo,12,1,1,4,18,18,11217536.0,11220509.0,2973.0,0.4482523148148148,burn,1.0,14.0,4.0,11.0,1.1370841758705526e+23,6.0,0.42857142857142855,0.5
0x61d1c83dc8fd98d0458be574c6c5d13743ef6460,0x81388b246c450ce28d9263b2c98b10de0dbd93e7,bajo,17,1,1,4,18,18,12513760.0,12514032.0,272.0,0.0408912037037037,burn,1.0,21.0,11.0,11.0,4.432401340260709e+28,13.0,0.6190476190476191,0.5
0x8a5fc5ef53258e09c8e2fe2eddd16a2604844ade,0xcc4e6624bcdb596e06ad9460efb132495dd439b4,bajo,9,1,1,4,18,18,11035756.0,11035973.0,217.0,0.03311342592592593,burn,1.0,11.0,5.0,7.0,4.0277838072119554e+24,7.0,0.6363636363636364,0.5
0xe09905a718288426c539a4ae7f86de97f3c0ffc1,0x2e0010b28ad07baa293022b910ad6af217847564,bajo,6,1,1,4,18,18,11121331.0,11129449.0,8118.0,1.2516435185185186,burn,1.0,7.0,4.0,6.0,6.67484736372604e+22,4.0,0.5714285714285714,0.5
0x1fc1151cf407427cdb58e1445894d800f41799ca,0xd42b5ade9e6bc7b528cf3a3ee0bade6ea95f3594,bajo,12,1,1,4,18,18,11051641.0,11057867.0,6226.0,0.9385648148148148,burn,1.0,14.0,4.0,13.0,3.6303730196718086e+24,4.0,0.2857142857142857,0.5
0x5afd3db8446c1ffcbfe020d54b71f5bbdc12f041,0xf629804f98a3f473202435f87dca125681d2608f,bajo,6,1,1,4,18,18,12703134.0,12703432.0,298.0,0.04732638888888889,burn,1.0,9.0,4.0,8.0,2.9782572166219513e+32,4.0,0.4444444444444444,0.5
0x6d37df02d9ae9345dfc0eebb59bb555f77703f3c,0x926397091801f03dfe01ef546447a38151e107fe,bajo,22,1,2,8,18,18,13050982.0,13062724.0,11742.0,1.820138888888889,burn,1.0,23.0,9.0,12.0,6.858675376989775e+22,14.0,0.6086956521739131,1.0
0xe36ce6aaf797e7b33060b868ee9147c2ce7b0930,0x0112f802755ba0877b7aa2b326d154e7dca23624,bajo,7,1,1,4,18,18,12726507.0,12726580.0,73.0,0.012210648148148148,burn,1.0,12.0,5.0,9.0,2.861439701697262e+25,6.0,0.5,0.5
0x9423082b0674f1bd50089d8d64a611d4d99b56e3,0x5a03d464e346b7276ead944b21f814c11c5447f5,bajo,14,1,1,4,18,18,11260197.0,11262513.0,2316.0,0.3542361111111111,burn,1.0,16.0,8.0,9.0,1.3985914073954596e+24,10.0,0.625,0.5
0x770f323e125be67f734fe7dc69e2b5600d4cd371,0x0aee223d6ade687aa213c0039b0c4fa4f321d922,bajo,25,1,1,4,18,18,12636928.0,12637132.0,204.0,0.029513888888888888,burn,1.0,28.0,7.0,20.0,2.4206295841820238e+33,10.0,0.35714285714285715,0.5
0x57e2f37117c00122c6339dfcdc82bbcccee7db26,0xcc9699f32ae32f558313c600a786b90e32274381,bajo,10,1,1,4,18,18,10804924.0,10806095.0,1171.0,0.18005787037037038,burn,1.0,12.0,4.0,10.0,5.980470024008213e+23,5.0,0.4166666666666667,0.5
0x4c15d3b8fc66bca6cccdbf249db6a9bcf3dc3b90,0xce199025322658e2ae08229f3eb0bc6a4771a09d,bajo,9,1,1,4,18,18,11850611.0,11852263.0,1652.0,0.2479976851851852,burn,1.0,14.0,5.0,11.0,1.1396630958820352e+24,6.0,0.42857142857142855,0.5
0x21fbd5008635d11567b295d5df4288224e4021ae,0xfadc6cac548f796d20363fde3568e98e7a35a6a7,bajo,21,1,1,4,18,18,11026115.0,11052282.0,26167.0,4.009189814814815,burn,1.0,32.0,12.0,22.0,2.303500888448699e+23,9.0,0.28125,0.5
0xed69d5cc91afea17ebb0e39d7b0b5464fbc1a3f1,0xa7af2715d760730721cc384b3b0f743985f64332,bajo,14,1,1,4,18,18,12537006.0,12537049.0,43.0,0.00662037037037037,burn,1.0,17.0,6.0,14.0,3.077376993813808e+33,6.0,0.35294117647058826,0.5
0xbc02f80386c9e9e79892e0d66c97162804c61226,0x59f354e9032c092ffd393b665d42179a845d9198,bajo,12,1,1,4,18,18,11318734.0,11318752.0,18.0,0.0024305555555555556,burn,1.0,39.0,7.0,8.0,1.708202261408078e+24,33.0,0.8461538461538461,0.5
0xdc5767b269ba1a1b308fa11bdca877d5075c2236,0xffaacf3c616f05e49b8881a8f987a49cd53f1f25,bajo,11,1,1,4,18,18,12726389.0,12726449.0,60.0,0.010590277777777778,burn,1.0,17.0,6.0,13.0,2.8560308880021364e+24,7.0,0.4117647058823529,0.5
0x47fc89cc0f36e68deacb886a7792306904f4a490,0x04bee0c5c905f048809bdccd1044fb6517f1caed,bajo,11,1,1,4,18,18,11225098.0,11225607.0,509.0,0.0821875,burn,1.0,13.0,6.0,10.0,4.974902615093201e+22,6.0,0.46153846153846156,0.5
0xd95aaf98291c1e493739511a07774d17454c42a8,0x6592fccf77e4129f3d2e8fbacfe3ba4e5094f362,bajo,22,1,1,4,18,18,11053438.0,11078719.0,25281.0,3.8671875,burn,1.0,219.0,12.0,207.0,7.690133310102728e+26,14.0,0.0639269406392694,0.5
0xf1af94fb909f03280ef8837a661c52ad09bd847d,0xf4e6ae926d517483d7e82a12bb988487fd49ca31,bajo,9,2,2,7,18,18,10613716.0,10616797.0,3081.0,0.47945601851851855,burn,1.0,14.0,6.0,6.0,1.049148623434434e+26,10.0,0.7142857142857143,0.6666666666666666
0x30694242558de79117fc7f147a228dcd169b5c28,0xe4ba6ebeeef23d71a725e1ac2bc01a78f3d8a89d,bajo,22,1,1,4,18,18,10979749.0,10983155.0,3406.0,0.5354282407407407,sync,0.0,25.0,6.0,11.0,7.10049887425662e+23,12.0,0.48,0.5
0xf5f6c41976790b015cc1800321d777371893d5d7,0x912743e45b7699c02cbd5f52e53dcbec2eb390a4,bajo,12,1,1,4,18,18,12448533.0,12448672.0,139.0,0.02228009259259259,burn,1.0,16.0,7.0,13.0,2.9447733883022927e+32,6.0,0.375,0.5
0x2503c2349a7ee6446b8c5578f0257350c060532a,0x5b8d228ddc07fcc25de9bebd187929fe6a3b65b4,bajo,21,1,1,4,18,18,12897773.0,12898001.0,228.0,0.0346412037037037,burn,1.0,24.0,4.0,19.0,2.3204305905159898e+33,8.0,0.3333333333333333,0.5
0x5246095ae3f1aedaa8b5144059331cf5b5c36e9c,0xf02ad329169a5ccf04b2f1bc508767d68585c4e1,bajo,20,1,1,4,18,18,11130561.0,11133395.0,2834.0,0.4352083333333333,burn,1.0,22.0,9.0,12.0,3.6516498165997303e+21,12.0,0.5454545454545454,0.5
0x755ee9aa7a83ff3e9eff570c080ab18f3745a440,0x8442a6e309c84bb34c727047c02e07937d5d16fd,bajo,10,1,1,4,18,18,12511921.0,12511971.0,50.0,0.008923611111111111,burn,1.0,13.0,5.0,11.0,2.9362297915528663e+33,5.0,0.38461538461538464,0.5
0xf88a0cfb6723cdc7b6255330bfcbf752b1504b23,0x0ebb795b43ec202b6f9184c6a9e77130420b1822,bajo,11,4,2,9,18,18,10754360.0,10754836.0,476.0,0.07327546296296296,burn,1.0,14.0,5.0,4.0,4.501406322814484e+25,13.0,0.9285714285714286,0.4
0x77e005b93078f6b6f62cd59e4b54752dbe424c5b,0x6ba0fe44eaac261d95b4702478fabb2e6ec71e45,bajo,14,1,1,4,18,18,11135496.0,11136598.0,1102.0,0.1670486111111111,burn,1.0,16.0,5.0,10.0,4.892771546947173e+21,6.0,0.375,0.5
0x72fdeb53760a17f0861aa7bbdc2e52f676c2a6d2,0x3fe5cefc8a0e7c50b292dd00182ab7f9aef20cb1,bajo,26,2,2,7,18,18,11919865.0,11921034.0,1169.0,0.18133101851851852,sync,0.0,31.0,4.0,24.0,1.5365391226145348e+26,9.0,0.2903225806451613,0.6666666666666666
0x628901bc92f96410ce0e957199484d68612cc277,0x78edaa576366633d18ecb98ad364f25002293cf4,bajo,11,1,1,4,18,18,11957947.0,12042819.0,84872.0,13.080543981481481,sync,0.0,20.0,4.0,8.0,5.12515670861957e+25,14.0,0.7,0.5
0xec463facffd278c73f5faaf8d251b15b5dd01608,0x249a23ebdf0309c6b886443949d93452a2f8d688,bajo,8,1,1,5,18,18,12728693.0,12729226.0,533.0,0.08181712962962963,burn,1.0,11.0,4.0,9.0,3.496683806258748e+24,5.0,0.45454545454545453,0.5
0x953555216257e82e18ae7b66e948ffbca3d1fa44,0x95624b8b4307da5aa576036b5cdd001c2b57a3f8,bajo,11,1,1,4,18,18,10814819.0,10815509.0,690.0,0.10956018518518519,burn,1.0,13.0,6.0,9.0,1.6051913291585355e+26,7.0,0.5384615384615384,0.5
0xde15b4d9560bb2259a6efe7d8026fcfac6666bdc,0xc0b6f8d75e3c3c1928637ed7fbc628388292256f,bajo,7,1,1,4,18,18,10911636.0,10911783.0,147.0,0.026979166666666665,burn,1.0,8.0,4.0,6.0,2.21076482410249e+23,5.0,0.625,0.5
0xd31a51567786daf0d6e363a42eb4e842547921e3,0x86b0b4b1c7b5dd936605aff7eb55347f4bc9dc45,bajo,25,1,1,4,8,18,11146709.0,11146758.0,49.0,0.008333333333333333,burn,1.0,27.0,7.0,23.0,5857287951784.0,7.0,0.25925925925925924,0.5
0x50cf8a13ef56907c0cfa9271af81c90796bea71d,0xa691dbf4262a1965023cf75f272dfadb09b9a532,bajo,17,1,1,4,18,18,10754309.0,10756252.0,1943.0,0.29672453703703705,burn,1.0,83.0,4.0,80.0,3.7332276174104463e+24,6.0,0.07228915662650602,0.5
0xc9e7687d34745e9df2a2669c9f1d7081080a79b8,0x3638bbc53f7baab79768639415572d05b58e8b30,bajo,18,1,1,4,18,18,12560512.0,12561319.0,807.0,0.12006944444444445,burn,1.0,24.0,8.0,20.0,3.4453870727364287e+28,7.0,0.2916666666666667,0.5
0x49a4852638572e12973f54f6f430a59dcd5eebfb,0x88eec3873ac22da27a836f7f63883da4771c96f1,bajo,12,1,1,4,18,18,10944588.0,10944853.0,265.0,0.03947916666666667,burn,1.0,1522.0,330.0,408.0,101925620798517.0,634.0,0.41655716162943496,0.5
0xff5b2f9e358c49e20fb96ce7842bfa18e471d1ba,0x04ed15fa8c47778589c1bf3451e0de25c1eed3ae,bajo,15,1,1,4,18,18,10770025.0,10897850.0,127825.0,19.588645833333334,sync,0.0,18.0,8.0,11.0,1.641080188696478e+25,10.0,0.5555555555555556,0.5
0xf34cadb94e038cdacb4de4bb4263eec83ee17f5b,0x99d8a9c45b2eca8864373a26d1459e3dff1e17f3,bajo,23,2,2,7,18,18,12637862.0,12899031.0,261169.0,40.74583333333333,burn,1.0,14828.0,1347.0,1389.0,2.866446249468638e+27,6463.0,0.4358645805233342,0.6666666666666666
0x355011806ce916c0ab1aa234554033638e8350ec,0x9f6f279121d72321663eb2cf7819f0cd47c78090,bajo,9,1,1,4,18,18,12647610.0,12647711.0,101.0,0.019282407407407408,burn,1.0,11.0,5.0,9.0,4.261110753877915e+21,5.0,0.45454545454545453,0.5
0x368db0a5b4ea71dd877f219690988461bf5ab3a0,0xb93d4bb876524087347f2ad65747f86a95fabe58,bajo,7,2,0,3,18,18,11220251.0,11259477.0,39226.0,6.021122685185185,sync,0.0,8.0,3.0,2.0,3.5108464496902546e+24,8.0,1.0,0.0
0xae56e4678d3e058248db06171568bec819a6e354,0xba3d2a5d77120cb42e0e449906a7d8e69e0af89d,bajo,21,2,1,5,18,18,10937131.0,10937689.0,558.0,0.08873842592592593,burn,1.0,24.0,8.0,12.0,2.001172427228781e+26,15.0,0.625,0.3333333333333333
0x8dceefe73bb79ddd72359bdcc8701f43789d5cd2,0xcf249d6c98a6373ee58667d795f21c7f7d5b7a85,bajo,15,1,1,4,18,18,11458568.0,11463344.0,4776.0,0.7380092592592593,burn,1.0,17.0,4.0,15.0,1.0013781514927711e+27,5.0,0.29411764705882354,0.5
0x2acbc1867f8d2b53e1a57ddd25120ec04351f054,0x8cab3e311702acb64e250926d77134fde604bd4d,bajo,6,1,1,5,18,18,10987243.0,12213670.0,1226427.0,188.56001157407408,sync,0.0,3086.0,425.0,432.0,3.09827779463729e+19,1664.0,0.5392093324692158,0.5
0xf3e687b6996bfe0c0c51e7438b7e7a532a3cd086,0xd73d370f8b9672833c1736bae82c17e381c00c95,bajo,12,1,1,4,18,18,12357016.0,12358737.0,1721.0,0.26408564814814817,burn,1.0,14.0,4.0,11.0,7.788664302556342e+30,6.0,0.42857142857142855,0.5
0x29599825ea7c010ec639f9c1478504efb5d64fa5,0xe620735b450703cc04076fed634ced9772c273c3,bajo,18,1,1,4,18,18,10704197.0,10706764.0,2567.0,0.3922453703703704,burn,1.0,27.0,10.0,19.0,1.2626546523944321e+25,8.0,0.2962962962962963,0.5
0xedf5f166f7d362e188f2449d734a96eea704e6a4,0x830b164471f7a21c5bf2f6262c421a1e57384bc9,bajo,20,3,3,10,18,18,11310270.0,12377681.0,1067411.0,164.1854050925926,sync,0.0,39.0,6.0,16.0,1.019075743595264e+24,24.0,0.6153846153846154,0.75
0xf4aa5b65bb8d635c1504f207fa6a79c496e02f40,0xf5c17dde392fcb60575d38482be7122deec7a016,bajo,7,1,1,4,18,18,12583149.0,12583450.0,301.0,0.046435185185185184,burn,1.0,10.0,5.0,7.0,4.860950437611443e+21,6.0,0.6,0.5
0xe6efdfdbb6f2f1e99ed376d4bc82054e116113fd,0x76761e2d2cdceddf2598842a09026e78d0eb51cc,bajo,7,1,1,4,12,18,10834401.0,10836987.0,2586.0,0.3930902777777778,burn,1.0,10.0,7.0,7.0,1.0276069655217578e+17,6.0,0.6,0.5
0x78c5ffd21b05fe00f84deb1db41167ee3df09365,0xa76dd6ca9eda2c73143e78e9ddece40bb2be6b01,bajo,12,1,1,4,18,18,10984402.0,10986468.0,2066.0,0.3241203703703704,burn,1.0,15.0,7.0,11.0,1.8543988961303103e+23,7.0,0.4666666666666667,0.5
0xf55441a81bd1ed2802c20bbb91b6b28051e145f8,0x5eabe2473a10490d04ee20d4752ce98574f6fc44,bajo,6,1,1,4,18,18,11003947.0,11003981.0,34.0,0.0050347222222222225,burn,1.0,7.0,4.0,5.0,2.9858397972907495e+22,5.0,0.7142857142857143,0.5
0x9e1053121c0e362b25d35c6113cf033cdfd77b7b,0xb6ec11f123bae7d70e7b250d0fdbf313b5740367,bajo,6,1,1,4,18,18,12555476.0,12555621.0,145.0,0.02141203703703704,burn,1.0,9.0,5.0,6.0,2.803569827501951e+31,6.0,0.6666666666666666,0.5
0x6bd8bd44d2a11523cefd0d0604d4c5f1da159a8b,0x91a08dfccedf91297e00f82e8ec6d8536d910ef9,bajo,17,1,1,4,18,18,11031014.0,11034546.0,3532.0,0.5456365740740741,burn,1.0,19.0,4.0,12.0,7.2312392854039385e+22,9.0,0.47368421052631576,0.5
0xd62f1beba129440c5c07e4fb597ec1f61260d26b,0x2af6e307be86f7bdf7e70c62b048a5867b672173,bajo,7,1,1,4,18,18,12485976.0,12486129.0,153.0,0.025173611111111112,burn,1.0,9.0,5.0,4.0,4.8554895425567746e+33,8.0,0.8888888888888888,0.5
0x4e7f85c55f1e13ba796640b7427ca73195122823,0x9487d5a9aa98b5e4ac4f924e0a338094989f220b,bajo,6,1,1,4,18,18,12873735.0,12874944.0,1209.0,0.19699074074074074,burn,1.0,9.0,6.0,5.0,3.858789720704778e+32,7.0,0.7777777777777778,0.5
0x74a5eab5cb28a1486f92df914ccb73afe4ee817b,0x7a459b8a45ffc25d480ce89184cfe4ba6ddf821b,bajo,17,1,1,4,18,18,12612969.0,12613162.0,193.0,0.03269675925925926,burn,1.0,20.0,9.0,11.0,3.0401481763069383e+33,12.0,0.6,0.5
0x496e51642755892870d66aef6aa14621afac919c,0x64c0fd267e61096cf9c0f6f31c20502c4726ee06,bajo,9,1,0,2,18,18,,,,,,,,,,,,,0.0
0x28e9e744a28e72359743ca6527bfaa95cd79e366,0x72acb8ebef54deaa7facbb329830c2582b325ae2,bajo,9,1,1,4,18,18,11049081.0,11049311.0,230.0,0.031643518518518515,burn,1.0,10.0,6.0,6.0,4.376371845644882e+22,7.0,0.7,0.5
0x760f0a272da011621c79f9148a92f88af21adb83,0x0048bac562f7745916c45c5f2753a37977fa963f,bajo,15,1,1,7,18,18,11395946.0,11404039.0,8093.0,1.2357523148148148,burn,1.0,49.0,11.0,11.0,1.1615008339811625e+20,40.0,0.8163265306122449,0.5
0x79a431c79975b868a82691924a4c9d4bb29533c9,0xc05518edabddc272c6903dc434379b7b14f9973f,bajo,6,1,1,4,18,18,10959253.0,10959421.0,168.0,0.024398148148148148,burn,1.0,8.0,5.0,6.0,1.6667662767965088e+27,5.0,0.625,0.5
0xfb1ca7e4572a511da1fdea105b24dc62b18b1d8e,0xb08ed4d23997354ccdac58d5f8202eb488eb5604,bajo,17,1,0,4,18,18,12661084.0,12679395.0,18311.0,2.8515972222222223,sync,0.0,23.0,7.0,13.0,1.0001002194179205e+36,11.0,0.4782608695652174,0.0
0x07cfbeba3c9252e0d310c28ab7027e7acba6dc84,0x7d461833f7ebd737d4fc75bdcce3ca07a2f6da55,bajo,14,1,1,4,18,18,12454121.0,12459562.0,5441.0,0.8447453703703703,burn,1.0,45.0,4.0,19.0,7.4913588505614e+32,21.0,0.4666666666666667,0.5
0x37246a59fc40058d861a549cd564536c6277fcc8,0x76fdcf410502782f421d8dbc23fcf920eaa490c4,bajo,14,1,1,4,18,18,11539342.0,11539531.0,189.0,0.026643518518518518,burn,1.0,17.0,7.0,12.0,3.4653967643325796e+26,8.0,0.47058823529411764,0.5
0xd383528fc5f51265e8eb72c7e03c85d2c759d09b,0x4638fce6826487eae86395f2a8bc88a26a66dd45,bajo,23,1,1,4,18,18,12579845.0,12580001.0,156.0,0.02568287037037037,burn,1.0,26.0,8.0,21.0,3.040568615657417e+33,8.0,0.3076923076923077,0.5
0xe4035a313971d08247e822650d40e7f31bc08a89,0xa164f328483c0d20fd664ff13f8479ff6bf2db8b,bajo,11,3,1,6,18,18,12359549.0,12426104.0,66555.0,10.270439814814814,burn,1.0,15.0,8.0,10.0,1.1086509317166232e+25,8.0,0.5333333333333333,0.25
0xda13eb880eb5b4ba356517c4e4efffea8e14dce3,0xce3b2e83b6e9ad009fadeacca2f5baf9b0c6fb59,bajo,7,1,1,4,18,18,11221846.0,11222929.0,1083.0,0.1629861111111111,burn,1.0,9.0,4.0,7.0,1.0000210421831452e+25,5.0,0.5555555555555556,0.5
0xf1a0900a71180928529c3f671c836f7adc996e7c,0x98780638015679483b62e5f4f6560fccc1f9fcf0,bajo,23,1,1,4,18,18,10408906.0,10410074.0,1168.0,0.18368055555555557,burn,1.0,24.0,5.0,18.0,2.7313531548642456e+24,9.0,0.375,0.5
0xe83a969b55cba46bc84a69df133fc539b7278001,0x06b80a08ab8cb1123c6cde68d07422053556dfc3,bajo,13,1,1,4,18,18,11476488.0,11476567.0,79.0,0.012766203703703703,burn,1.0,14.0,4.0,7.0,1.5642482830569833e+32,10.0,0.7142857142857143,0.5
0x508fdb7a5a622aefeb7a00d08a19c412a415021a,0x6670d47c1d02dfda733a0915d3c0eeb73cfc8a1a,bajo,7,1,1,4,18,18,12462123.0,12462273.0,150.0,0.023483796296296298,burn,1.0,10.0,6.0,7.0,2.994051755528407e+21,6.0,0.6,0.5
0x93c8c5c440d497b6d46a9369f0c6ea9f33a174d5,0x1850cceb1f34304683d7bbdc649e647a83e0ff23,bajo,10,1,1,4,18,18,12634934.0,12635206.0,272.0,0.04162037037037037,burn,1.0,12.0,4.0,11.0,3584926453515379.0,4.0,0.3333333333333333,0.5
0x0b8fa91df4f473e54766587d7bb8496806c42b56,0xd1e47a365800e57ac60e68ed15fb901d348c24bd,bajo,15,1,1,4,18,18,10295831.0,10295859.0,28.0,0.004421296296296296,burn,1.0,22.0,7.0,13.0,413556309610308.0,10.0,0.45454545454545453,0.5
0x45d5ab9992c506bfa3e4ae949a750e961b1b5509,0x31b03ab585694e14abf7f6f3f21e79702abd46c2,bajo,14,1,1,4,18,18,12563510.0,12563804.0,294.0,0.04871527777777778,burn,1.0,16.0,7.0,9.0,4.043817650315182e+31,8.0,0.5,0.5
0xa4aa03ab5e631720bc782699acda9d031a898f2d,0xcace12b1eadec8638d1bc120fc7789d0a87f4ee6,bajo,11,1,1,4,18,18,13100811.0,13206772.0,105961.0,16.38107638888889,burn,1.0,16.0,6.0,9.0,4.551023496747986e+21,10.0,0.625,0.5
0x086dfa83c76b97555d9449413bd2d5b311a63fae,0x2494a68c1484376fef880b4c24d91f049d29b02a,bajo,11,2,1,5,18,18,11200337.0,11269776.0,69439.0,10.663368055555555,burn,1.0,8123.0,275.0,819.0,1.5154657662515637e+26,1460.0,0.17973655053551643,0.3333333333333333
0xcac5f3a55ad4cbb659ab12b4a7757e173c77ce35,0x57dbee5197064d5f85523bfa0397bd770bcd3523,bajo,20,6,3,13,18,18,11551497.0,11566002.0,14505.0,2.2208217592592594,burn,1.0,35.0,7.0,8.0,3.8719118454103626e+23,26.0,0.7428571428571429,0.42857142857142855
0xb36313b63205bf0bb20b1247bf7d8741f09e053b,0x2aa202f6f1901c7d8f977d981fcd7109553897c5,bajo,25,1,1,4,18,18,12225632.0,12227898.0,2266.0,0.3448148148148148,burn,1.0,37.0,9.0,28.0,1.005675799488074e+26,10.0,0.2702702702702703,0.5
0x4501bca74c59a0f1f5ae7670dd535185bc2d4a5f,0x244473c2d56837882edb805f3fc1d18c1866d74f,bajo,8,1,1,4,18,18,12403068.0,12403430.0,362.0,0.05306712962962963,burn,1.0,12.0,6.0,9.0,6.408138906052982e+22,6.0,0.5,0.5
0xddcda61cbcc81a85b3c2a81327d60e2db4a91bd6,0x3a228edba2ce2bfe7b3a29131f9c87bfd43ecff5,bajo,23,1,1,4,18,18,12805416.0,12806104.0,688.0,0.11189814814814815,burn,1.0,27.0,8.0,18.0,2.8723727435467895e+27,11.0,0.4074074074074074,0.5
0xa0d18744ebdb9fcf0e6177b94cb66f97dc90d535,0xb9b9ac652b3d445d3c6c0d719a3a59503edb638a,bajo,6,1,1,4,18,18,12788462.0,12791166.0,2704.0,0.4178472222222222,burn,1.0,9.0,5.0,7.0,2.9458461996010696e+21,5.0,0.5555555555555556,0.5
0xb91c1bddfc382331114a513ae53c0eaa00718138,0xfcdc5a0fe0a36cad8fff1242b002db4e8fabbbab,bajo,25,1,1,7,18,18,12897640.0,12918060.0,20420.0,3.230590277777778,sync,0.0,85.0,7.0,13.0,3.326606275911567e+17,66.0,0.7764705882352941,0.5
0x58cc895bf82fcf2fd7aeec8f0e4bbb4370d6e3cc,0xee132d5ab88de4e7b87ed14d60f6407ea06a6822,bajo,7,1,1,4,18,18,12725789.0,12726026.0,237.0,0.0369212962962963,burn,1.0,11.0,6.0,7.0,4.065229383732544e+22,7.0,0.6363636363636364,0.5
0x9f31755b611a26a20d1dd2b59b68419f452cc63e,0xa06bc25b5805d5f8d82847d191cb4af5a3e873e0,bajo,9,2,3,9,18,18,11987017.0,12598121.0,611104.0,94.32527777777777,burn,1.0,60467.0,3413.0,4750.0,1.960771848403065e+26,41506.0,0.6864239998676964,1.0
0x91218f41f09f625b0007b3367a226fa0ef9ad4d1,0xd63586b6c4353451336d0561ebe751c38167528f,bajo,11,1,1,4,18,18,11156666.0,11158029.0,1363.0,0.2139236111111111,burn,1.0,24.0,5.0,10.0,1.5837409375712575e+21,16.0,0.6666666666666666,0.5
0xd226901a46eb31055a945a4febd50e42d48324e2,0xb1154e868d760df3546e7ad30247cebf259ea344,bajo,21,1,1,4,18,18,12535977.0,12536514.0,537.0,0.08579861111111112,burn,1.0,25.0,7.0,19.0,3.4327141228138458e+28,9.0,0.36,0.5
0xd3f691eb302f46d0c00b6c7cb8d442953cbdb508,0xa554fcb206ec3918fd825876ab2325805aba1333,bajo,11,3,1,6,2,18,11115042.0,11139663.0,24621.0,3.7744097222222224,burn,1.0,13.0,6.0,7.0,122363.0,9.0,0.6923076923076923,0.25
0x4126f830ca6f389cf953e8f932125114569192cf,0xcb5fb6926e44c318cce466279eab92d0ce15ce86,bajo,8,1,1,4,18,18,12461139.0,12463934.0,2795.0,0.4395601851851852,burn,1.0,18.0,7.0,12.0,3.657197132252776e+18,9.0,0.5,0.5
0x850a14445404c4b824e89c928c3a81218b9093c2,0x639b548e32c3ed833fea19e22c62fa5a5d1a4ea7,bajo,7,2,2,7,18,18,11024634.0,11024735.0,101.0,0.01505787037037037,burn,1.0,10.0,5.0,5.0,3.9134070490670354e+20,8.0,0.8,0.6666666666666666
0x50b0453fab52bf3a62c5fa156bff3633e1ed9cd0,0x759dcd1c4002d686ac950f16bc19edf706858608,bajo,11,1,1,4,18,18,12581872.0,12584311.0,2439.0,0.36975694444444446,burn,1.0,14.0,4.0,13.0,2.956291070361735e+33,4.0,0.2857142857142857,0.5
0x72d92b28d9976c73f4caac8853ad8d3b769c6b59,0x04bda6368727915e8bf9bf75545642078714ff18,bajo,18,1,1,4,18,18,12518002.0,12518662.0,660.0,0.10269675925925927,burn,1.0,20.0,8.0,14.0,3.992176307612778e+31,9.0,0.45,0.5
0x960963a018230cb8b25ed189bf65e267e30baa16,0xf4b7337bc15d98597e8c74cf71634fa7895507da,bajo,6,1,1,4,18,18,10934615.0,10934671.0,56.0,0.00869212962962963,burn,1.0,7.0,4.0,5.0,6.632163742690059e+22,5.0,0.7142857142857143,0.5
0x690280a7e7073494f0acc5ea4b3778c2f960557b,0x3217f9b0ba262b85fd91dbe0b4cb35aed434c974,bajo,8,1,1,4,18,18,12602638.0,12603184.0,546.0,0.08112268518518519,burn,1.0,10.0,6.0,6.0,40155990825.0,7.0,0.7,0.5
0xbd99af71b37e0763fa28e7d6b7787998b99c57a9,0x5176d2b18e6b82e259f1af702867152b6af1a7a2,bajo,18,1,1,4,18,18,10704987.0,10705055.0,68.0,0.00883101851851852,burn,1.0,20.0,9.0,12.0,1.4388164672007276e+25,11.0,0.55,0.5
0xbb6724980ec5a6f060a28675fc5b66b1168d988c,0x16f0c132070e3e23e153207d259a67ca6be55818,bajo,23,1,1,4,18,18,10766542.0,10785555.0,19013.0,2.9036921296296296,burn,1.0,27.0,11.0,17.0,4.6128490569389415e+22,13.0,0.48148148148148145,0.5
0x1c1aa13163027287a02bf3d2980b69cd41a232a8,0xa06725a857f26aa18f80dfad5e4a7f7e2fec2eef,bajo,8,1,1,4,6,18,11133850.0,11190083.0,56233.0,8.62892361111111,sync,0.0,316.0,8.0,296.0,11009036964930.0,11.0,0.03481012658227848,0.5
0x330dc401199db98ef41f7b9069bf0b62f63f5659,0x61db1bab48e2044aa6e09ba55c83305668cd7222,bajo,9,1,1,4,18,18,12555045.0,12558620.0,3575.0,0.5532407407407407,burn,1.0,13.0,4.0,10.0,3.4826785735063683e+28,6.0,0.46153846153846156,0.5
0xfd309d82779653af0fa913a7fbbd7271f7352ba2,0x534f845c8e7ed95d50c3847958bd8da4b6b1272a,bajo,7,1,0,3,18,18,12743540.0,12743640.0,100.0,0.019189814814814816,sync,0.0,14.0,5.0,6.0,1.619638222199262e+27,10.0,0.7142857142857143,0.0
0x40fbb4580841603057484e66f0066ef6a86b4e67,0xbba6fc28a65ae3f07bbb04258aa695716544b289,bajo,6,1,1,4,0,18,11268948.0,11268962.0,14.0,0.002824074074074074,burn,1.0,6.0,3.0,4.0,1749209.0,5.0,0.8333333333333334,0.5
0x7f431fad2eff3a5a0f9576948041eee9dcdbb57c,0x7d8e8321c9a9c47e6b7040ad862e27bb348013a3,bajo,7,1,1,4,18,18,11033501.0,11035273.0,1772.0,0.26851851851851855,burn,1.0,9.0,4.0,8.0,6.7727390311586376e+22,4.0,0.4444444444444444,0.5
0x0b17c5b897c0c58b3d03f804e3aa20565863cfbb,0xafa19b92bc3e587b678df0089124b35a057e8299,bajo,19,1,0,4,18,18,12839633.0,12843543.0,3910.0,0.618287037037037,sync,0.0,23.0,6.0,18.0,1.0000000049732265e+42,8.0,0.34782608695652173,0.0
0xc3376dd6860f48ab0fa8a225ecb5ceb0ea8094c2,0xa2fac9bc7c58da3a5c2126454781325f882a58ca,bajo,8,2,0,3,18,18,11057965.0,11086765.0,28800.0,4.431331018518518,sync,0.0,18.0,6.0,9.0,9.97478950471356e+25,11.0,0.6111111111111112,0.0
0xd23469e2239ae0c3b2dbe28f221c3ef0a8383688,0x803fb0dc372600d1d63b6af2527d3e87ebcb9e76,bajo,10,1,1,4,18,18,12711569.0,12712025.0,456.0,0.07369212962962964,burn,1.0,13.0,4.0,10.0,2.6597022442878136e+33,6.0,0.46153846153846156,0.5
0x7646880bab2672ba4fa4d66db64e9899aed70f0a,0x36b60a425b82483004487abc7adcb0002918fc56,bajo,10,2,2,7,18,18,11081927.0,12747587.0,1665660.0,256.60052083333335,burn,1.0,127.0,72.0,85.0,3663839428792713.0,20.0,0.15748031496062992,0.6666666666666666
0xe79ff9b8dbfb2724f0c30978bde70456d3eddc8a,0xf90c0c0d5306a91a070a290d1f569a7e27372f16,bajo,14,1,1,4,18,18,12460538.0,12460596.0,58.0,0.009386574074074073,burn,1.0,23.0,11.0,15.0,8.578013005891379e+30,11.0,0.4782608695652174,0.5
0x149744b77d34e066941fb895370efe9620a77624,0xb1c131a218b1e45dbf2217dc42ad69c1751322a5,bajo,7,1,1,4,18,18,12980934.0,12981370.0,436.0,0.07074074074074074,burn,1.0,10.0,5.0,8.0,1.0714235935477308e+22,5.0,0.5,0.5
0x6a4a4b314f3e5281029d492d701ff9e34b9da075,0x19fe1805fe31955af6c8974e6d1326ce52f516e4,bajo,9,1,1,4,18,18,11130945.0,11131750.0,805.0,0.12425925925925926,burn,1.0,13.0,7.0,6.0,4.331763771554106e+22,10.0,0.7692307692307693,0.5
0xf30fe44cba27fd0d6a7ffb514f6373b60ec188d5,0x448ba5327d37d57bd157fbbf9bc863261a9fd4b2,bajo,6,1,1,4,8,18,11097647.0,11097680.0,33.0,0.0038425925925925928,burn,1.0,7.0,4.0,5.0,3.58361581301265e+17,5.0,0.7142857142857143,0.5
0xb84f3bc47f20ab341706e7e2f1e2fce395ef2aa9,0xd250a5f4309ef16a6a4304d65160f83c1584081e,bajo,12,1,1,4,18,18,10952484.0,10952550.0,66.0,0.010983796296296297,burn,1.0,14.0,5.0,11.0,9.643584383604239e+24,6.0,0.42857142857142855,0.5
0xd83f3e16ab538897466668ce6ab7f7c348f23931,0xe58d9b332affb9a77996dff6ddad5dde46352057,bajo,6,1,1,4,18,18,11144636.0,11144665.0,29.0,0.004907407407407407,burn,1.0,9.0,5.0,7.0,8.173181897675537e+24,5.0,0.5555555555555556,0.5
0x0ae22e9074fe2033848d6151d9444914fe758bad,0x708289b33f06b72c822164ac99e074c03f0f4145,bajo,14,1,1,4,18,18,10739821.0,10745821.0,6000.0,0.9179398148148148,burn,1.0,17.0,5.0,14.0,1.8999985107556916e+22,6.0,0.35294117647058826,0.5
0x8a5b034df73873f2c81533218d9416d9b9c05d95,0xf0757c30c665b557c2fd73ce18bc5f99411a542e,bajo,11,1,1,4,18,18,10720737.0,10720805.0,68.0,0.011180555555555555,burn,1.0,12.0,7.0,8.0,2.2518971978314333e+25,7.0,0.5833333333333334,0.5
0x10cd8cf67aa710bc14943aeb5357fcff4a1b6ef9,0xf7bc77ca3800acbc939b990c9b4eeb88fc7e8278,bajo,8,1,1,4,18,18,11197018.0,11197130.0,112.0,0.01675925925925926,burn,1.0,10.0,5.0,8.0,4.971275963034425e+22,5.0,0.5,0.5
0x6310a0faa9972c7e62b93bb36c1827252fedca85,0xfc49de2e7f5dbfdc3f457b31f6aff834175aec85,bajo,19,1,1,4,18,18,11400290.0,11405027.0,4737.0,0.7321643518518518,burn,1.0,184.0,10.0,174.0,1.708447055488936e+26,11.0,0.059782608695652176,0.5
0x2a1573ac7a76c0d990379238ef42322f925bc53b,0x02322569685a2fa5090fafae905208abb64a847e,bajo,18,1,1,4,18,18,12184687.0,12189734.0,5047.0,0.7698148148148148,burn,1.0,20.0,4.0,18.0,1.4304223099756412e+26,5.0,0.25,0.5
0x40b7e67650a27c7a47bfa914f197c4ec92cb6e9f,0x799a4111521be769e84eb62479554d0daaf9f0b4,bajo,20,1,1,4,18,18,12647464.0,12647616.0,152.0,0.02476851851851852,burn,1.0,22.0,6.0,19.0,2.014566230878776e+33,6.0,0.2727272727272727,0.5
0x2efd5c49971a75eecfa00f537b413ab8cba215aa,0x37e5226eccf600700d350f9feadb753a75bfb0e8,bajo,7,1,1,4,18,18,12577298.0,12577461.0,163.0,0.02087962962962963,burn,1.0,9.0,4.0,8.0,1.9924294711053678e+33,4.0,0.4444444444444444,0.5
0xb756d2a1758ddfd5f947fd6d2af4703efa54662a,0x5f94bdd4ca94940a359982e58132e42bf4f6d377,bajo,7,2,2,7,18,18,11484305.0,11485658.0,1353.0,0.20546296296296296,burn,1.0,9.0,3.0,5.0,1.1584191569451573e+24,7.0,0.7777777777777778,0.6666666666666666
0x3d1f78b0d0499c73cabffbc9f8110b0fc027ee17,0x1338d06f4b945353f0e161acc32d5928bbf93958,bajo,13,1,1,4,18,18,12859213.0,12859242.0,29.0,0.005416666666666667,burn,1.0,16.0,6.0,13.0,2.7681372987788436e+33,6.0,0.375,0.5
0x64585ad1ed451157dd700ed0ea8f6430d162643e,0xb1d0d48911bd1910efdbad39ab44aff22417404f,bajo,19,1,1,4,18,18,12802822.0,12802940.0,118.0,0.01800925925925926,burn,1.0,21.0,8.0,11.0,4.397554164950249e+26,13.0,0.6190476190476191,0.5
0xa00088d14a911678d3721374f643dc592f7bae05,0x4f9c68bc906f3c9dd059e4bcc55c0b5528d7407b,bajo,6,1,1,4,18,18,10772304.0,10772351.0,47.0,0.008113425925925927,burn,1.0,15.0,4.0,8.0,1.0273131925296385e+28,10.0,0.6666666666666666,0.5
0x904dd42c230b423e1c4c5bf0eab50e97171f72ec,0x39b0562c72ffbb2f9285ea55d9f2c3260bb01165,bajo,26,1,0,3,18,18,12544535.0,12544859.0,324.0,0.050138888888888886,sync,0.0,28.0,8.0,17.0,1.0421424066234191e+26,14.0,0.5,0.0
0xdc31b88094f5ceea0505d375e8b104741c787210,0xb4437e1c6191c4614d6ce18e3744954b7d944b3d,bajo,10,1,1,4,18,18,11164648.0,11167306.0,2658.0,0.4050810185185185,burn,1.0,12.0,4.0,11.0,5.002968454083925e+27,4.0,0.3333333333333333,0.5
0x50e93f340f0ba3cf43e61b5df434f5d0f69afb33,0x05c02fa48907c2814128e2d013b8efaba2e250d7,bajo,20,3,3,10,18,18,10991764.0,11015047.0,23283.0,3.645787037037037,burn,1.0,26.0,9.0,11.0,1.0616532335350818e+27,17.0,0.6538461538461539,0.75
0xd0c89a422592c12a714a102bffeedb1f10044c04,0x6ed75b4f83c94fe9f8548393e578a179d83e14a8,bajo,13,1,1,4,18,18,12552252.0,12552610.0,358.0,0.05662037037037037,burn,1.0,16.0,4.0,12.0,2.7948389128621337e+32,7.0,0.4375,0.5
0xfb8864927ba97f3e50e747b64b9d814d791986d5,0x414fbd0709a1f8ae453feb5cc081cfc67f125f43,bajo,8,1,1,4,18,18,10786907.0,10786928.0,21.0,0.004085648148148148,burn,1.0,23.0,6.0,10.0,5.750369422894098e+24,15.0,0.6521739130434783,0.5
0xfebe79aa038df12e18871db1bef31737cf946bf9,0x49adea0385db0291bf6730f832b8a230cf432fa9,bajo,24,1,1,4,18,18,12151379.0,12151656.0,277.0,0.04331018518518519,burn,1.0,26.0,9.0,8.0,1.5031875117724295e+24,20.0,0.7692307692307693,0.5
0x4e20bf4f0685932d8f12ca51f03ad36ff0619763,0x5e73b40b0656188fca2108dc68cba930b3d2b88a,bajo,23,2,2,7,15,18,10575881.0,10582500.0,6619.0,1.0263657407407407,burn,1.0,26.0,13.0,16.0,3.4264677084583864e+22,13.0,0.5,0.6666666666666666
0x4a6e71307f28f852b57690d4fa4b808d3c9d0bd2,0x2e3832826fc298a101253d31bc422425aae7eaa2,bajo,8,1,1,4,18,18,11117555.0,11117592.0,37.0,0.005868055555555555,burn,1.0,10.0,5.0,7.0,6.464226588845213e+21,6.0,0.6,0.5
0x5916390dd5a2f83eb25700ac0e74067b7da4cefa,0xe7f4518c3d9442639b28dd334093229918aefd07,bajo,10,1,1,4,18,18,12578844.0,12579183.0,339.0,0.05447916666666667,burn,1.0,13.0,4.0,11.0,2.688814973902831e+20,5.0,0.38461538461538464,0.5
0x8d4b9255f0c3a619eda97a91cb7a183fbca63ee8,0x53b9c60b55bc1f5b3cb399cc44f704c47f2c5fc1,bajo,6,1,1,4,18,18,10919045.0,10919303.0,258.0,0.041712962962962966,burn,1.0,8.0,4.0,4.0,5.144296721900924e+21,7.0,0.875,0.5
0x080e3de4d24cec17f95b18a9e43d6add18186264,0xe502d7a203427499cdb78de7d06a9c7d4d51a447,bajo,17,1,1,6,18,18,12647577.0,12858131.0,210554.0,32.852164351851854,sync,0.0,19.0,3.0,17.0,2.916714484685513e+32,5.0,0.2631578947368421,0.5
0x19daf934ab33527494f37f63ff5d824f84d29286,0xc05f1d7dbe7d190d0ed94aafb35325b3ab3aeda1,bajo,8,1,1,4,18,18,11045691.0,11046216.0,525.0,0.08123842592592592,burn,1.0,10.0,5.0,8.0,5.7785049195234185e+22,5.0,0.5,0.5
0xd79709c67e91e45629a48b2429ce127d109cf41b,0x63cc4c2c44c40693e019c3d3a67fa78c8bd2ee84,bajo,11,1,1,4,18,18,12608477.0,12608554.0,77.0,0.00980324074074074,burn,1.0,14.0,6.0,10.0,3.0227397662129045e+30,7.0,0.5,0.5
0xc01f7dd0adce1e18155800ba1560ef24d3e89e42,0x6d360105fbf001f0cf6602ca47aafd15f63ae58c,bajo,16,1,1,4,18,18,11158409.0,11158519.0,110.0,0.01923611111111111,burn,1.0,18.0,6.0,13.0,6.7418003313592726e+22,8.0,0.4444444444444444,0.5
0xf78f631824a61275fe9fdb35c26530774b81484e,0x59bf9cbfdeed9be038a1fd3f043bb0872d84d0f3,bajo,8,1,1,4,18,18,11136531.0,11148810.0,12279.0,1.8746296296296296,burn,1.0,10.0,5.0,8.0,1.147138596675762e+25,5.0,0.5,0.5
0x43ce5004e23a5557d7de2d42be63220f50e3b70f,0x11c125a0e333e61675ef968beaa93b6ebede82b3,bajo,10,1,1,4,18,18,12573628.0,12573841.0,213.0,0.03275462962962963,burn,1.0,13.0,7.0,9.0,4.997281046402581e+27,7.0,0.5384615384615384,0.5
0x4f89cddc8d3ae47747e6e7b8a12337a05b8c1aad,0xed135dd8521c2d44d398c4bf26b2c99857709660,bajo,12,1,1,4,18,18,12305278.0,12354425.0,49147.0,7.593784722222222,sync,0.0,14.0,4.0,12.0,2.045403890294942e+33,5.0,0.35714285714285715,0.5
0x4dc11c7a594b90a4253d65ba13594512cb9c59fd,0xf345c5cd8261be9485c2b487adebaaf44953ac6c,bajo,25,1,1,4,18,0,12084949.0,12085330.0,381.0,0.06111111111111111,burn,1.0,26.0,10.0,16.0,443548711.0,13.0,0.5,0.5
0xc0bccf461092f774014d0f1907c24a08ffa92182,0xc097edcb4fddfe20f22b49d6721952c7e63f63d3,bajo,24,1,1,4,18,18,12755568.0,12755784.0,216.0,0.03253472222222222,sync,0.0,28.0,10.0,11.0,4.7454671158300174e+30,19.0,0.6785714285714286,0.5
0xda7496e9bebf589a77e36294e6b1037328ffa0a7,0x45e6e9cfae7d51830afee482ffba757f8b4cfc52,bajo,16,1,1,4,18,18,,,,,,,,,,,,,0.5
0x0343638952f6341a8f97ebfdf7a1b33c97285502,0xd5bf85dc2d52334e00fbdac42f1232fc5e21c7cb,bajo,9,1,1,4,18,18,12795198.0,12796321.0,1123.0,0.17238425925925926,burn,1.0,13.0,6.0,7.0,2.4044462640036795e+33,9.0,0.6923076923076923,0.5
0xa8b77ac7b5beea6c6a41505813946124e72782da,0xa2eb8d9584cd7bf4cb71d136b1c1f2300aa3b5c5,bajo,20,1,1,4,18,18,11277317.0,11277349.0,32.0,0.0065625,burn,1.0,24.0,9.0,9.0,6.559312437093446e+23,18.0,0.75,0.5
0xe0b0341b632df6572c97aa4e1a5cb063430905f3,0x874dbb98ab318a433483b83d7ad9536ea716f915,bajo,7,1,1,4,9,18,12741502.0,12743139.0,1637.0,0.24663194444444445,burn,1.0,8.0,4.0,6.0,5.989133239617691e+21,5.0,0.625,0.5
0xbba81818bd837876111ab7d1fd228a5a62eab49f,0x20ee1ac757712398219d760e13eaf7633ce02fcc,bajo,13,1,1,4,18,18,11283643.0,11283943.0,300.0,0.04403935185185185,burn,1.0,15.0,4.0,14.0,2.106031050058166e+21,4.0,0.26666666666666666,0.5
0x6c6c1317a24acb8c8ee19088348ba5b046c850d8,0x31e11ccb03696b8a1515cca9362ca7970d1d8b6e,bajo,9,1,1,4,18,18,12752341.0,12752360.0,19.0,0.0042361111111111115,sync,0.0,12.0,5.0,9.0,4.550495150963936e+21,6.0,0.5,0.5
0x4c01c4c7bb79a59f9c38870348830f2573170841,0xb74e4cf8b958b783b2dc6258c4f6496a59dcbba3,bajo,11,1,1,4,18,18,12677358.0,12698358.0,21000.0,3.276273148148148,burn,1.0,14.0,4.0,13.0,3.313484176584273e+24,4.0,0.2857142857142857,0.5
0xea2c77749a45e2f94a57b0df837cf0e8e37afce8,0x5ebce946c00f46da6ca7123df0bc4b2d3b27b153,bajo,17,1,1,7,18,18,11208511.0,11208743.0,232.0,0.03497685185185185,burn,1.0,35.0,4.0,29.0,2.2677240130725873e+22,9.0,0.2571428571428571,0.5
0xa49ee73545babb272e9f9ee0710880876341fb65,0xfc3964d842cdf7d9189b918993e6a5b543a815f2,bajo,25,2,1,5,18,18,12282261.0,12290792.0,8531.0,1.32,sync,0.0,28.0,12.0,18.0,5.9524525781900855e+29,13.0,0.4642857142857143,0.3333333333333333
0x59b97306f80bdf929d001bcd38394f1910a883f6,0x2abb9d00db52510500c8ac4c426c9029894472c5,bajo,6,1,1,4,1,18,12534754.0,12557431.0,22677.0,3.5038310185185186,burn,1.0,27.0,8.0,13.0,1970499377178.0,14.0,0.5185185185185185,0.5
0x057b76026f20d0062f23f493897bf432a3720fba,0xe3c1c14e069dc260a374307c367754fcef7067e7,bajo,6,1,0,2,18,18,12017279.0,12131966.0,114687.0,17.667824074074073,sync,0.0,8.0,5.0,6.0,2.1006543959107285e+25,5.0,0.625,0.0
0xb794611cd79e209ece2fd5cfe5567d0550139f8d,0x62f24bbc4a8abfbac46302e61419abe6a6a2884b,bajo,26,1,1,4,18,18,12315512.0,12320378.0,4866.0,0.7504282407407408,burn,1.0,28.0,4.0,26.0,1.086377566311789e+27,5.0,0.17857142857142858,0.5
0xa8d94480e07abe42c024f3d646cd6e14d99ef1de,0xec49e0b4a08406d903635ba55c6e9c09adfa0b5f,bajo,13,1,1,4,18,18,10857452.0,10870469.0,13017.0,1.9973958333333333,burn,1.0,15.0,5.0,13.0,1.1273408039041023e+23,5.0,0.3333333333333333,0.5
0x29d3f2a3fe7773345e5e8107897fba1b51af3bf5,0x6ef428f8911482d615fe3e4b68dfdf51acf0223e,bajo,17,1,1,4,18,18,12531019.0,12531427.0,408.0,0.06384259259259259,burn,1.0,20.0,8.0,16.0,3.962930868758008e+31,7.0,0.35,0.5
0x4b7c84c153ba8775d57d0f51f360fb0574543732,0x2287bb7b992ae62963b365e4e254aaddace5f2f1,bajo,26,1,1,4,18,18,11093318.0,11096204.0,2886.0,0.44425925925925924,burn,1.0,30.0,4.0,16.0,4.1125409042920455e+24,17.0,0.5666666666666667,0.5
0x5abbc66fe2e808de5d7ba3a832387903e00f04ef,0xe43f4f7c88bf08946350c532d1e2afd28d311865,bajo,13,1,1,4,18,18,12473101.0,12473203.0,102.0,0.015960648148148147,burn,1.0,16.0,5.0,13.0,2.821788251108336e+33,6.0,0.375,0.5
0x2899b2f47731b41a999c2bd20eebf3642e041db0,0x3076942ad5d708f4b09b95fedb8758ce0465f53f,bajo,6,1,1,4,18,18,10810342.0,10810451.0,109.0,0.016921296296296295,burn,1.0,17.0,6.0,14.0,2.0539364496539127e+23,6.0,0.35294117647058826,0.5
0xdfaafab9e1db11c523d8abdbc00d4be603e85170,0x3d1f420949cd21ad41daa9a2893248bca79e1123,bajo,9,1,1,4,18,18,10865071.0,10866319.0,1248.0,0.1882638888888889,burn,1.0,11.0,5.0,9.0,1.789489359463901e+23,5.0,0.45454545454545453,0.5
0x095348b997cd480bc7c67f4944d8f3d4ed8fc108,0x0c59963805cbd264025af766dd4e566ab45d0bb4,bajo,22,1,1,4,18,18,11080293.0,11080630.0,337.0,0.05443287037037037,burn,1.0,23.0,5.0,19.0,2.2484125743891405e+25,7.0,0.30434782608695654,0.5
0x62ecf6e628d4d2d8e2aaeae2705b45a7f421f8fe,0x1a7f0b3af6e9e9953f4b61ecb2791e55dc7dcb19,bajo,12,1,1,4,18,18,12099119.0,12099294.0,175.0,0.024710648148148148,burn,1.0,62.0,9.0,16.0,3.977272441676926e+25,47.0,0.7580645161290323,0.5
0xccd5d43e66f3e5ade376d2e894893cbf34855ad8,0x084eec254f0c8f8e4d3de68593772ed82ddf4edf,bajo,18,1,1,4,18,18,10669299.0,10671028.0,1729.0,0.26873842592592595,burn,1.0,20.0,10.0,13.0,3.124106597443105e+25,10.0,0.5,0.5
0x4f75501bf846c4b40164339ddce098bc4be33511,0x9c4a3f8197d684d458092ec3ec3b993505d7b8c8,bajo,7,1,1,4,18,18,11444518.0,11444568.0,50.0,0.008425925925925925,burn,1.0,8.0,4.0,5.0,1.3918820507100555e+23,6.0,0.75,0.5
0xc1f0ef6e1d887f3f6c2ee5771acb8b72b0866d45,0x2ed436d3043cdf262250018e4d2c1dec06d80a21,bajo,6,3,3,10,18,18,11696443.0,12688749.0,992306.0,153.10542824074074,burn,1.0,76.0,4.0,59.0,1.0000002015754101e+33,10.0,0.13157894736842105,0.75
0xd3069ad4145b7ac20b78b175fdb5b7785c0aa83c,0xa9337bb01c60310f5a8f801b3ad35d71abfc8363,bajo,20,1,1,4,18,18,12617734.0,12617800.0,66.0,0.008657407407407407,burn,1.0,23.0,8.0,18.0,3.0162378877288494e+33,8.0,0.34782608695652173,0.5
0x540b787641863619850ccc5d55bdea9c145fd3ac,0x39543addfcbe4dd8d78531817a2cff2e6fb38517,bajo,8,1,1,4,18,18,12852014.0,12857541.0,5527.0,0.8618865740740741,burn,1.0,10.0,6.0,7.0,4.183655373231397e+32,6.0,0.6,0.5
0x5aeda56547913bc68bfbf7d466d0aeb630b027be,0x7c5a870e21102e2f44e01e67260eff42e4d4011f,bajo,18,1,1,4,18,18,12846264.0,12846355.0,91.0,0.013645833333333333,burn,1.0,20.0,6.0,14.0,4.4832401586773726e+30,8.0,0.4,0.5
0x2459839562ae9cd623301d6a3cab70bd9a3d5bda,0x82e3224c6ff120a8ab149b859a8318547e21660f,bajo,8,1,1,4,18,18,10969819.0,10977095.0,7276.0,1.1288541666666667,burn,1.0,10.0,6.0,7.0,1.2793814411367155e+23,6.0,0.6,0.5
0x292352b5dd9c4ae97cf59a34ccb580071f75701a,0xc6fcc6b8fce9d098f458d538faee13e21d0b81bd,bajo,8,1,1,4,18,18,12629102.0,12629476.0,374.0,0.05379629629629629,burn,1.0,10.0,4.0,9.0,3956485307265453.0,4.0,0.4,0.5
0x4f5a807289eaa7b7b4058ace7f6eec51f2d39a9d,0xbec4a69d6a5fbcb2303c13d24ea1a51a6f19bd12,bajo,26,2,0,3,18,18,10556331.0,12718738.0,2162407.0,333.1330439814815,sync,0.0,1027.0,236.0,561.0,706939422.0,113.0,0.11002921129503408,0.0
0x07ffb375b722029417b3ac47e7bb12171ec3c951,0xa5d680683dbab761204ead76d8f3504eb5b5a2ed,bajo,6,1,1,4,18,18,12484581.0,12488620.0,4039.0,0.6212615740740741,burn,1.0,10.0,5.0,6.0,1.2501313863720076e+30,7.0,0.7,0.5
0x78aa942faf1a44b225a000516565d179228420f5,0x0dad0a14a04d4bcf04a1507a0e1a6631adb36fda,bajo,14,2,1,5,18,18,11092318.0,11093116.0,798.0,0.1246875,burn,1.0,17.0,7.0,8.0,1.6351834690588844e+22,11.0,0.6470588235294118,0.3333333333333333
0x5e5572c6244596b0c707ce15ce430f10727eb4f1,0x3a43a35dbad2b2afcfcf58a63cff8d2799ae8186,bajo,16,1,1,4,18,18,10619920.0,10623669.0,3749.0,0.5751967592592593,burn,1.0,21.0,7.0,14.0,1.3895824989743925e+25,10.0,0.47619047619047616,0.5
0xd2b0ed39a1bc115fb8fd8af9e9cc926ad240973e,0x6f84c5e72a91628c8cf638df72566ed4699a6675,bajo,6,1,1,4,18,18,11043766.0,11043837.0,71.0,0.010532407407407407,burn,1.0,10.0,5.0,8.0,2.628045022538016e+22,5.0,0.5,0.5
0x683d505a5952beae42068d5c28a1fc3f1fa9b7a1,0xe2f37a8209ecc5017c3c55bcc8cc2d3d07929479,bajo,9,1,1,4,18,18,10765463.0,10765476.0,13.0,0.002638888888888889,burn,1.0,13.0,6.0,12.0,1.7872435290477746e+23,4.0,0.3076923076923077,0.5
0x98947a7ed6bab9748b54712bf7ca58ccd914b6b6,0xbf686da68323d0425f2b0d7e33d3fa11b1239132,bajo,7,1,0,2,18,18,12280390.0,13061597.0,781207.0,121.4057175925926,sync,0.0,22.0,5.0,10.0,1.075650963112801e+23,15.0,0.6818181818181818,0.0
0x590a0a0bb5336432b8e7aff8fc6a8c480f1c457b,0x5fdd138af6ae54643675bbab3b63c848df028eac,bajo,11,1,1,4,18,18,12669796.0,12670380.0,584.0,0.08984953703703703,burn,1.0,12.0,3.0,12.0,5.964938146844154e+32,3.0,0.25,0.5
0xa13c1d775688fc575be51a369180321ada96edf3,0xa707b8feee54432a1a7ab9743e69941585b08215,bajo,20,1,1,4,18,18,10890509.0,10891113.0,604.0,0.09194444444444444,burn,1.0,25.0,7.0,13.0,1.1752614506080526e+23,13.0,0.52,0.5
0x42d9eae4bf525dea8e6488aadf707dea9ff3fa80,0xf30ce6cbbb269aeaf7a180b971d47c23223cd551,bajo,16,1,1,4,18,18,12234526.0,12241103.0,6577.0,1.0197685185185186,burn,1.0,21.0,10.0,11.0,3.053368210596676e+20,12.0,0.5714285714285714,0.5
0x1bb4008a5cbca68d61ac433e87883f71ced69e12,0x428f7fa1bfbb1222db5aeb74bc66efe40eb71164,bajo,17,1,0,2,18,18,12328578.0,12601669.0,273091.0,42.26875,sync,0.0,18.0,6.0,8.0,6.315420647158257e+22,13.0,0.7222222222222222,0.0
0x5eb38836d10c0f30e9dd8f41f70b66f9c8d932d4,0x60687d1048e9147ec0d19abeed5d0c55f1cfce76,bajo,6,1,1,4,18,18,11184964.0,11316242.0,131278.0,20.153506944444445,burn,1.0,9.0,6.0,6.0,5.936734290264062e+21,6.0,0.6666666666666666,0.5
0x202e4081d4daebe8882217fc981d612284fc88e5,0xea3ba3ec648bb466d6af14e2c6aaf6bc80493e85,bajo,18,1,1,4,18,18,11209340.0,11209717.0,377.0,0.05709490740740741,burn,1.0,20.0,8.0,13.0,2.1001471648290663e+23,10.0,0.5,0.5
0x59e83c3ab20ac26f0baf8b67ee5c2eb80d9a493b,0x8e61d0ee729d80dd9360ff8cf9cb90ca13e77101,bajo,14,1,1,4,18,18,11114495.0,11114749.0,254.0,0.03900462962962963,sync,0.0,17.0,7.0,8.0,3.7552372141035325e+21,11.0,0.6470588235294118,0.5
0x5115c902a959bf75508a7129596036810135876e,0x4055c13999d214b5e38d8f8fa5399d07019060b6,bajo,21,1,1,4,18,18,12817297.0,12820963.0,3666.0,0.5724652777777778,burn,1.0,23.0,4.0,22.0,3.302424775478875e+30,4.0,0.17391304347826086,0.5
0xff6d232d15fab8044a3351f3015e20897d51b9b8,0x63eebc3163f35aa945d7fccf9eacf3af938b4215,bajo,9,1,1,4,18,18,10808081.0,10808169.0,88.0,0.013113425925925926,burn,1.0,11.0,7.0,7.0,8.013959882595253e+22,7.0,0.6363636363636364,0.5
0x6667a69926b1d56917da40b3af0f291479c12c14,0xb508623fda378f788cd9b0bd6a20ff9d294c34ca,bajo,6,1,1,4,18,18,12295541.0,12296626.0,1085.0,0.1733449074074074,burn,1.0,10.0,5.0,7.0,2.4723146484714537e+32,6.0,0.6,0.5
0x603543d84238b1c51dd648f3d4bd702e909e8d61,0x752f0c560d38f9a7dee01e07409b4c4c956b0d7a,bajo,11,1,1,4,18,18,12335032.0,12335070.0,38.0,0.005092592592592593,burn,1.0,17.0,8.0,11.0,3.3180622828544976e+20,9.0,0.5294117647058824,0.5
0x7c85eb3bc6b257eb96e53c5bf8ff22abb5f2507c,0xe712322c9c113408fb04230bb188541165447666,bajo,22,2,1,5,18,18,10418847.0,10426367.0,7520.0,1.1723263888888888,sync,0.0,27.0,11.0,17.0,3.422319480797662e+26,12.0,0.4444444444444444,0.3333333333333333
0x9921da01346d47a7b7be181194837a18e978f4c3,0xe60e7c87a5f233ba40434c9098fe6483a51fd890,bajo,18,1,1,4,18,18,11179366.0,11179473.0,107.0,0.014664351851851852,burn,1.0,20.0,6.0,14.0,1.4259342657873265e+23,9.0,0.45,0.5
0xf3711a2e551ebb21e2650f553c8bc2a40ef851ce,0x551cb1fc320857ca85b5026b1b4d6d2e17ef05e4,bajo,8,1,1,4,18,18,12617187.0,12617239.0,52.0,0.0067708333333333336,burn,1.0,11.0,5.0,8.0,3.001089520476697e+28,6.0,0.5454545454545454,0.5
0x7225d0c3a7041e2bc9574a65362b76586842c6e9,0xf1ff0665a9e4648c0e6a45d05f395ef057c510a2,bajo,18,1,1,4,18,18,11043678.0,11050340.0,6662.0,1.0133564814814815,burn,1.0,20.0,5.0,14.0,6.383834946437581e+24,8.0,0.4,0.5
0x9b5db806db0d5bdf6d111fa724f4fdd0a4e9a435,0xf05b21036802777a986a20546cd9e66226002975,bajo,25,1,1,4,18,9,12652320.0,12653802.0,1482.0,0.23054398148148147,burn,1.0,27.0,7.0,22.0,3.825588051204477e+21,8.0,0.2962962962962963,0.5
0x23966a111d2e9cb2c2acc641ca5b4c1fc782e4c0,0xf25e12ad119aebf0b7d7ac48e716066411c4882d,bajo,26,1,1,4,18,18,12848083.0,12850585.0,2502.0,0.3995138888888889,burn,1.0,29.0,4.0,24.0,2.7567169218198278e+32,8.0,0.27586206896551724,0.5
0x650ecfe6c80c625e211ce2adaaf2298957556ab6,0x504389196a86272812150924cc86ff8c6e9541dd,bajo,12,1,1,4,18,18,10687330.0,12248154.0,1560824.0,240.0318287037037,sync,0.0,15.0,6.0,10.0,1.301838497877726e+26,7.0,0.4666666666666667,0.5
0x9f1cc58408365159f55998b2e9619fa4eaa225cf,0x421a464ee7f0987d1b008280967a57bfa5921ea1,bajo,11,1,1,4,18,18,11020116.0,11024649.0,4533.0,0.7039699074074074,burn,1.0,43.0,4.0,39.0,7.526930593051565e+20,7.0,0.16279069767441862,0.5
0x732097e8bfedb4fad43914793760a3ddb9387626,0x27ca55f6262f6b7bb824dcc01531ebf4854fca31,bajo,17,1,1,4,18,18,12830987.0,12830998.0,11.0,0.0011805555555555556,burn,1.0,20.0,5.0,19.0,4.4173516157629803e+27,4.0,0.2,0.5
0x6de379a045899413f616666ed03bf5114e933a96,0x4b3e3b17c1c453dc30bec1532116855479e16b48,bajo,14,1,1,4,18,18,10720250.0,10720268.0,18.0,0.0021412037037037038,burn,1.0,16.0,9.0,10.0,2.0679510976653176e+23,9.0,0.5625,0.5
0x5eab9c22a320b7992ce1a28c3e9a867cff16eab4,0xf678355d3efb31fc8a656fbb1a8f5e8dd6218e9a,bajo,25,1,0,4,18,18,11226519.0,11231698.0,5179.0,0.804849537037037,sync,0.0,30.0,10.0,14.0,1.1001169880590159e+26,16.0,0.5333333333333333,0.0
0xe678042534853d569f5fad48661e9a28b88cb6db,0xe34f3ecec8543a4b5ce320daa13179b5bbf45dfe,bajo,7,4,2,9,18,18,11040040.0,11041862.0,1822.0,0.28056712962962965,burn,1.0,15.0,4.0,9.0,5.49029273985163e+21,9.0,0.6,0.4
0x7a63e29cdc8f23d79667643fff367a3b340f4499,0xe9fde9a41526b5f807f5cc03b998c539031a4465,bajo,14,1,1,4,18,18,12803440.0,12803586.0,146.0,0.02125,burn,1.0,15.0,5.0,5.0,3.0818176542258454e+21,11.0,0.7333333333333333,0.5
0x6497f6530c7363133af7615f14cd513d4438d83c,0xfdbfed4f885a3a4366bf03ff45b8ed03daa7493f,bajo,20,1,0,2,18,18,11296080.0,11380409.0,84329.0,12.9478125,sync,0.0,39.0,9.0,18.0,4.907494423801903e+21,22.0,0.5641025641025641,0.0
0xf7df0a24ac1c145a388a2ee74b92eac748de9db0,0xd70a71c57ec1a1f497ea33123918e74975fe04ae,bajo,6,1,1,6,18,18,11167485.0,11167997.0,512.0,0.07641203703703704,burn,1.0,17.0,4.0,8.0,1.6259547985820944e+22,12.0,0.7058823529411765,0.5
0xf5c58c547b601a39333841399db723a122e9fbce,0xa65c0f468c6e679a5034d7dbd86cbed0040e8f7d,bajo,17,1,1,4,18,18,10538706.0,10538871.0,165.0,0.023425925925925926,burn,1.0,21.0,4.0,14.0,3.445243897885972e+25,6.0,0.2857142857142857,0.5
0x647f04e898bdaf119f8218118ddf50f26d308190,0x0fa9cb94cc0c86af5f5d4d24683eebfb782dbaa1,bajo,8,1,1,4,18,18,11195759.0,11197126.0,1367.0,0.20430555555555555,burn,1.0,112.0,4.0,111.0,5.3749057674747944e+23,4.0,0.03571428571428571,0.5
0x6fdde02b6addaa246c6fb9ab93e79801aaa286a4,0xaad68218c3ea6889529206b37840f85da31b7ef4,bajo,24,1,2,6,18,18,12780794.0,12780952.0,158.0,0.022268518518518517,burn,1.0,33.0,12.0,18.0,3.389121068577792e+33,16.0,0.48484848484848486,1.0
0x0479a90fecd190297faf709ea7b55007fdc34f1c,0xfc50b445b22a1da3770435c9a84b2efbff96b911,bajo,7,1,1,4,18,18,12287432.0,12287606.0,174.0,0.02994212962962963,burn,1.0,9.0,4.0,8.0,3.97709265789111e+30,4.0,0.4444444444444444,0.5
0x560db4326f2cc4f0e307bac94c768cdf5ff8b11b,0xc58ffde21aa91e436e349c31daa6e0e90d6989f0,bajo,9,1,1,4,18,18,12752357.0,12752419.0,62.0,0.008680555555555556,burn,1.0,13.0,7.0,8.0,5.898758843881874e+28,8.0,0.6153846153846154,0.5
0x3b1754c2c354535b022259a3df912ef482614f50,0xc84bfbda0823d92f3681dc2f6cc4774c1b6e570a,bajo,13,1,1,4,18,18,12754949.0,12756769.0,1820.0,0.28072916666666664,burn,1.0,16.0,4.0,14.0,2.9077620917826922e+23,5.0,0.3125,0.5
0xa4a172af49310754a0b33e7d78563ccc54a96123,0x5fddcb203874f17ff91a5d3d44c57a11b2026895,bajo,10,1,1,4,18,18,11053462.0,11064193.0,10731.0,1.6300231481481482,burn,1.0,12.0,5.0,9.0,3.6309172194429796e+22,6.0,0.5,0.5
0x7ca67937881e31ca83d63a12c20daca1dd92288a,0x823750c06f5f1c597312c764d3905fa3252a16f7,bajo,15,1,1,4,18,18,12858564.0,12859913.0,1349.0,0.2029513888888889,burn,1.0,19.0,6.0,15.0,56555806722711.0,7.0,0.3684210526315789,0.5
0x477f2c9c0d59b965f3b0792edb6926530feb3796,0xda7575e9a1b56a7b153d8151d88667905053aabf,bajo,26,1,1,4,18,18,12908598.0,12909273.0,675.0,0.10056712962962963,burn,1.0,32.0,8.0,25.0,2.8911325158925445e+27,9.0,0.28125,0.5
0xd07d30145b84751d67f14989775dd0ed9097f5f0,0xc0d059b0fa2c5dd17c5641c5b3ef812f0d39a673,bajo,10,1,1,4,18,2,10723803.0,10723855.0,52.0,0.009606481481481481,burn,1.0,12.0,7.0,8.0,4278234.0,7.0,0.5833333333333334,0.5
0x0ea74b62383d146b5e53f7bba5247ba958e48a04,0x84953053240972668ff24b7e8720b180f84d202c,bajo,7,1,1,4,18,18,10792763.0,10792917.0,154.0,0.019479166666666665,burn,1.0,9.0,6.0,5.0,3.750319197489317e+23,7.0,0.7777777777777778,0.5
0x8f5fda53fdaa55dd3c1bf3dabdd14b07eb8e70c3,0x3d50b0ba1dd2b1865b71fb7fdffedced06a6cd51,bajo,13,1,1,4,18,18,11031604.0,11031724.0,120.0,0.019085648148148147,burn,1.0,14.0,6.0,9.0,7.398758529558289e+21,8.0,0.5714285714285714,0.5
0xde9ba99a2be78de37a2eb1e22c9d6bb36ffe5419,0x67520897d47dcbfc4da681db17ae1d3b1612751a,bajo,11,1,1,4,18,18,11882532.0,11885658.0,3126.0,0.48105324074074074,sync,0.0,13.0,5.0,11.0,7.227423144653757e+25,5.0,0.38461538461538464,0.5
0xfb0121abd0ae5ab93f50d9822a7c3c0ea26c93c6,0x462e32447621a1521f71690b6548293f9bbcb3dd,bajo,20,5,4,14,18,18,12764073.0,12765192.0,1119.0,0.17761574074074074,burn,1.0,30.0,6.0,9.0,6.661696839453208e+26,18.0,0.6,0.6666666666666666
0xefae4122181fad45af6ea91684c567bd5c8f680c,0x783ea55dffbf30e7c76dd1d7ebe6d95135f77d25,bajo,16,1,1,4,18,18,11176896.0,11177601.0,705.0,0.11,burn,1.0,18.0,4.0,10.0,1.507647492832692e+24,10.0,0.5555555555555556,0.5
0x401c295b3163d61502cb24a1f69f3c798abcec13,0xb82f7dbcf3e84d1233d617e9fe036fd28373904b,bajo,9,1,1,4,18,18,12602501.0,12602783.0,282.0,0.04626157407407407,burn,1.0,12.0,4.0,11.0,2.8542125552673275e+23,4.0,0.3333333333333333,0.5
0xc9a3f0eb3ffe969c93ec339ac9c4bc981274aaca,0xae8bf6b79fb21270ef38eb37ddf507fe08419b95,bajo,9,1,1,5,18,18,11167142.0,11277090.0,109948.0,16.868819444444444,burn,1.0,12.0,8.0,8.0,2.3849538269859335e+21,7.0,0.5833333333333334,0.5
0x4cad007d3213ad4d9885e8486eb6c1c85caf5166,0x93908742c6572b61e4b59c8131ef065539e5f676,bajo,21,1,1,4,18,18,12428474.0,12428528.0,54.0,0.008055555555555555,burn,1.0,31.0,12.0,18.0,3.202195107796434e+29,16.0,0.5161290322580645,0.5
0x82dce86e1b177df548cee5851e6163c1a2e7b4f9,0x6554bd8c136ab9aabf83a6452480b2ee02b2c580,bajo,13,1,1,4,18,18,10368356.0,10368481.0,125.0,0.021145833333333332,burn,1.0,17.0,6.0,11.0,4.0172119329261264e+24,9.0,0.5294117647058824,0.5
0xd776124ffa1093be0910b9936a9d0d929789b586,0x0c6db2f62fd5d1b468c0564d62cb37fcc8d2894d,bajo,23,1,1,4,18,18,12499821.0,12500062.0,241.0,0.03528935185185185,burn,1.0,25.0,7.0,21.0,4.171489591268728e+33,7.0,0.28,0.5
0xef23060a7ebcb441cb782ee24b90e44baa17390a,0x1466668271c9569720dca8752edac582163a3e99,bajo,23,3,1,6,18,18,12596490.0,12611079.0,14589.0,2.2571412037037035,sync,0.0,28.0,10.0,11.0,6.511696150513433e+33,18.0,0.6428571428571429,0.25
0x1ed7f5acf7079652799f28eefed723192f2a89ee,0x4f777064783c86198c20e4039e0553b3fca36522,bajo,20,1,1,4,18,18,11740213.0,11797423.0,57210.0,8.813425925925927,burn,1.0,31.0,12.0,12.0,1.6504681800884596e+21,17.0,0.5483870967741935,0.5
0xa86e0b0661a1fdfd0a22f2e3f3463e0e942b9985,0x6b70e87cb685e9992303ff4b730bbb09841693f1,bajo,21,1,0,4,18,18,12646488.0,12665827.0,19339.0,3.0060185185185184,sync,0.0,24.0,4.0,15.0,1.0000000036959352e+42,11.0,0.4583333333333333,0.0
0x3330a4206e572c7ac0f4d680567624da0bf12c29,0x6dabb64c6e66b53de22cb46a7d0aacc226d99b40,bajo,7,2,1,5,18,18,11038760.0,11038900.0,140.0,0.02304398148148148,burn,1.0,8.0,3.0,6.0,2.7671372406337894e+22,5.0,0.625,0.3333333333333333
0x59fcb8c7fd496cb34befe5966030d70216bc494c,0xd6f36dafca99ed780169470f3fe58d631d011968,bajo,26,1,1,4,18,18,11278381.0,11278607.0,226.0,0.031469907407407405,burn,1.0,84.0,10.0,20.0,2.2057179945380203e+23,59.0,0.7023809523809523,0.5
0xdbe085bb5033629680035903b8a3a9e19e3c059a,0xc1872bc6b4022a4a4de9adcaf3eeb45a058ad0b7,bajo,19,1,1,4,18,18,10896233.0,10901654.0,5421.0,0.8202546296296296,burn,1.0,22.0,5.0,17.0,3.64522509499997e+23,8.0,0.36363636363636365,0.5
0x61e7e02685bf139df8b6b5b3f927f4d31feb9cef,0xa82e281f952823cff96536715a40e4deec537a11,bajo,8,1,1,4,18,18,12304088.0,12305657.0,1569.0,0.23575231481481482,burn,1.0,10.0,4.0,9.0,3.83990333657928e+33,4.0,0.4,0.5
0x9ef0d1c8024e2474562e2eea1ec68d17e04f01bc,0xebb7553280db4a03ba715a4fcdfe432872d2fb70,bajo,10,1,1,4,18,18,12599933.0,12600177.0,244.0,0.039386574074074074,burn,1.0,14.0,4.0,12.0,2.9549025554002193e+27,5.0,0.35714285714285715,0.5
0x444b9d22062b8fea313e58c3211db3f010711b9e,0x6822e298a27b93a3051422c5257242499d03384f,bajo,9,1,1,4,18,18,11554162.0,11555155.0,993.0,0.15474537037037037,burn,1.0,13.0,6.0,11.0,6.876492737327194e+21,5.0,0.38461538461538464,0.5
0x984e219b9f210944b751d462822a25d14a55a1a1,0xef455340e0cd66f3cdaecc866b25e17d731d5854,bajo,8,1,1,4,18,18,11059679.0,11060294.0,615.0,0.09766203703703703,burn,1.0,10.0,4.0,6.0,3.978944279004517e+22,7.0,0.7,0.5
0xbe01acba35aa5f7c2535146889d4d6b3c099e784,0x209ecf397db6c176239e870b127844a4a2acba66,bajo,18,1,3,8,18,18,12282032.0,12287952.0,5920.0,0.9221875,burn,1.0,22.0,4.0,16.0,3.5831196358998805e+27,9.0,0.4090909090909091,1.5
0xc62e8eb54e2a84aa2cabfe8dad3e0ed32f6ceac9,0xb026c23976347f6ae63485eea60ef3a8045f5dd4,bajo,9,1,1,4,18,18,11110790.0,11110921.0,131.0,0.020092592592592592,burn,1.0,11.0,6.0,7.0,5.128412090854939e+21,7.0,0.6363636363636364,0.5
0x0bae62bddf8e6254210fcb2dc1b70ad4b32617e1,0x75d70648eeee39c4f4faae66222a7024e23d08ce,bajo,12,1,1,4,18,18,11190060.0,11190370.0,310.0,0.05233796296296296,burn,1.0,20.0,3.0,12.0,6.423757674417538e+23,11.0,0.55,0.5
0x4a452e69a2a5c9573b6a6f49ff45478ff35f8803,0x5988639a14cf138cf0db1853ad35d8b9584c5a73,bajo,11,1,0,2,18,18,12338442.0,13015430.0,676988.0,105.31648148148147,sync,0.0,669.0,24.0,650.0,1.057829318469966e+33,16.0,0.02391629297458894,0.0
0x0358e5e3426bba14c45c270038adbff7f9bac6a4,0x2141f685b9e222ccf5c5a906d41af4cbe83c2067,bajo,24,1,1,4,18,18,12516351.0,12516710.0,359.0,0.05844907407407408,burn,1.0,28.0,9.0,18.0,3.0910962933181556e+33,11.0,0.39285714285714285,0.5
0x6011047d7352b55c1f81903502e737b632ea5ba9,0xd7f95d5973ae780555ef1c4bd2911f98826c0c36,bajo,8,1,1,4,18,18,10717528.0,10720243.0,2715.0,0.41327546296296297,burn,1.0,11.0,7.0,8.0,4.915451119831602e+25,6.0,0.5454545454545454,0.5
0x59a48fd50074b46c80ba1537c9e3b6f65f1e3db8,0x95530695f04978b5732bb30c655fafd4c6a0efdb,bajo,13,1,1,4,18,18,12675817.0,12679242.0,3425.0,0.5300694444444445,burn,1.0,16.0,6.0,13.0,3.088392421723596e+31,6.0,0.375,0.5
0xea1611107d4d867082ad8d0f24c063f136ae036d,0xf809b5e2eb2d882900dd48d25dcf2b117807af63,bajo,23,1,0,3,18,18,12823382.0,12824103.0,721.0,0.11091435185185185,sync,0.0,25.0,5.0,18.0,1.7119988815985414e+33,9.0,0.36,0.0
0x765025186bd8c0e3b2d124272b453b6343a1ecfa,0x29e57462f186022773b65d47dc6fe63b010ad826,bajo,10,1,1,4,18,18,12649680.0,12649909.0,229.0,0.03245370370370371,burn,1.0,13.0,5.0,11.0,2.9691843908623138e+31,5.0,0.38461538461538464,0.5
0x3a22ace6feebb3d51f2063b92010e3a1a7e441ca,0x3b38f76d46342c3e0ac8ea32dcd2bc8cba9e696a,bajo,8,1,1,4,18,18,12537077.0,12537668.0,591.0,0.09461805555555555,burn,1.0,10.0,4.0,9.0,1.9982330536121296e+33,4.0,0.4,0.5
0x8456811c8d46d733a1fad6508df1e378b47e0f82,0x9dd350e30fc1ebb40bdaf9aef061269869602fb1,bajo,18,1,1,4,18,18,10853836.0,10854335.0,499.0,0.07453703703703704,burn,1.0,21.0,10.0,11.0,1.003509365351572e+26,13.0,0.6190476190476191,0.5
0x5fea6803e24bc5272548de9799a35174bb816c07,0x467b62e8effc0a29a2961d1e7b84470054bbe90f,bajo,10,3,3,10,18,18,11298817.0,11301771.0,2954.0,0.45296296296296296,sync,0.0,14.0,4.0,4.0,7.579242509919997e+22,13.0,0.9285714285714286,0.75
0x834df1dc6a4e7d2546754e08029ca2b340e5938c,0x99f106c1cbe266613fbaf8bf5ef5c07d0e6d222f,bajo,24,1,1,4,18,18,12127077.0,12158832.0,31755.0,4.891365740740741,burn,1.0,27.0,4.0,25.0,2.0773992865233067e+26,5.0,0.18518518518518517,0.5
0x26e3c8cda8f7a4dbd448dcb449e7c2a0d662fe33,0x4a364a09cb3d9b316fde7158fb9d01139e5ec8fa,bajo,16,1,1,4,18,18,10823542.0,10825781.0,2239.0,0.3422685185185185,burn,1.0,220.0,8.0,116.0,2.0707034687504697e+24,11.0,0.05,0.5
0xd783feed2daa41f4d624bc2462a87002c65c5d6a,0xf90d01e8646b8caadcec6770aad3d6445541f53e,bajo,7,1,1,4,18,18,10798162.0,10798789.0,627.0,0.09537037037037037,burn,1.0,9.0,5.0,7.0,1.7039276617145092e+25,5.0,0.5555555555555556,0.5
0x09d1ac76a440df1c49ab43e62717035f80e5254a,0xdf659651a5082065acf219dc2904954ad1ecd16d,bajo,6,1,1,4,18,18,10963444.0,10967970.0,4526.0,0.6992013888888889,burn,1.0,8.0,5.0,5.0,1.2104437017592814e+23,6.0,0.75,0.5
0xd6cd2cea82cd22c5dfc9171d730e181e364828f7,0x3554dfb77e657d36708070124cf42b1f5528c9b9,bajo,25,1,1,4,18,18,10991818.0,10992029.0,211.0,0.036689814814814814,burn,1.0,27.0,4.0,18.0,3.489452277941571e+24,12.0,0.4444444444444444,0.5
0xd86d9063a92bd7354eda9b0da4e8bef7ff784e1e,0x4c7018aef40cd1cd6cd58a60cebe1112c39ea2c9,bajo,8,1,0,4,18,18,11226656.0,11226879.0,223.0,0.03594907407407407,sync,0.0,10.0,5.0,6.0,1.352447786810766e+27,7.0,0.7,0.0
0xfa80a460986d8d00ca63639c2a2fd9ea36d73151,0x2433e9f0108703fdc5a0a6c4c8dea66f68d08a96,bajo,10,1,1,4,18,18,11156057.0,11156333.0,276.0,0.0431712962962963,burn,1.0,22.0,4.0,8.0,1.658683471336449e+23,17.0,0.7727272727272727,0.5
0x8ee0619c1a78b7682476552794ecada5c8af7bba,0x4e22f53a63ec32d68c6dda1a5b6fe215b65fb640,bajo,9,1,1,4,18,18,12731669.0,12731685.0,16.0,0.0022685185185185187,burn,1.0,16.0,6.0,8.0,2.553591107210524e+33,10.0,0.625,0.5
0x91f5d31122bf9486a27cf450e64373567bae0105,0x08d4cceecd7f3e5f0fa3a69cd98e327714f60579,bajo,7,1,1,4,18,18,10669595.0,10669888.0,293.0,0.04304398148148148,burn,1.0,9.0,6.0,6.0,7.780466567190215e+25,6.0,0.6666666666666666,0.5
0xefbdfab395017c460c92527e1718f5f4771ca4d7,0x5e1213724a34929bac252a7874514554437ebc9b,bajo,15,1,1,4,18,18,11691870.0,11696826.0,4956.0,0.7554166666666666,burn,1.0,16.0,4.0,13.0,2.0064048771284547e+24,6.0,0.375,0.5
0xeb8b3a5b9aa3a6ecff5530a4788ff2dcb85331ea,0xb188ba54fa07707244ab75e0e53aac9aabf88ca5,bajo,14,1,1,4,18,18,11051503.0,11051696.0,193.0,0.028506944444444446,burn,1.0,18.0,9.0,8.0,2.5013497820718207e+21,13.0,0.7222222222222222,0.5
0xd88d19107afa26ea690f34d6b068d106b5b2ed88,0x59252aca25e8b09704fd24aad67a3f2ab19b9a09,bajo,26,1,1,4,18,18,10282388.0,10282868.0,480.0,0.07407407407407407,burn,1.0,30.0,15.0,15.0,6.91175103400042e+25,18.0,0.6,0.5
0x3c9f53deb033a009da8f5a6de2f069c9ec887465,0x33a70062ed0debe24628d46b9f145ace2f160f8d,bajo,19,1,1,4,18,18,11407455.0,11412871.0,5416.0,0.838125,burn,1.0,25.0,4.0,20.0,5.87052251610465e+23,8.0,0.32,0.5
0x4e33cd379c557f7ff43b330517180dbab1571ab2,0xc2856a8310af421a2a65de16428c2dec6ceacb36,bajo,11,1,1,4,18,18,10387675.0,10398390.0,10715.0,1.6545254629629629,burn,1.0,79.0,24.0,49.0,3.010154686974712e+25,14.0,0.17721518987341772,0.5
0xe7a04028830238e12c26c533b66478c6808b06a6,0xd9224924a5e4247af4a252c02d059143e56fc947,bajo,24,1,1,4,18,18,11474601.0,11489832.0,15231.0,2.3308449074074074,burn,1.0,58.0,9.0,39.0,1.7553731965675883e+24,13.0,0.22413793103448276,0.5
0x1fe2c07f58d0b5d248fe7da9cc690b4ae92a701f,0xcb6b9c92ccd628b735d3c1ddd1c67fdeeb5dcccc,bajo,17,1,1,4,18,18,10625109.0,10625134.0,25.0,0.003703703703703704,burn,1.0,19.0,8.0,12.0,3.251590082566493e+26,9.0,0.47368421052631576,0.5
0x66ddbbdf5fad6bc50f3d57c9cdfdace79d03334e,0x117ead38f68a05212b95f3b72ddab30beb9a867e,bajo,9,1,1,4,18,18,12459758.0,12459813.0,55.0,0.007291666666666667,burn,1.0,12.0,5.0,10.0,3.070245507280079e+33,5.0,0.4166666666666667,0.5
0x2c00b041fd3848b6521e277f1f664194d64cc273,0xc0d79cd043de0a3bfab67211b7f196596f0fa7e1,bajo,15,1,1,4,18,18,11062543.0,11065322.0,2779.0,0.42613425925925924,burn,1.0,101.0,8.0,94.0,4.254275149020433e+23,10.0,0.09900990099009901,0.5
0x1bb6728de2af71c3af9f2219e5e765d2ad421f77,0x02f61fd266da6e8b102d4121f5ce7b992640cf98,bajo,25,1,2,6,18,18,10767404.0,13046568.0,2279164.0,351.7781712962963,sync,0.0,517.0,257.0,118.0,3.0742725141594566e+26,312.0,0.6034816247582205,1.0
0x6e22797b4d52d095d9423dc85be6fe7bdcbecf8b,0xed32fcf6075f262066a54945dd0919b4f465019c,bajo,6,1,1,4,18,18,12598200.0,12598514.0,314.0,0.04898148148148148,burn,1.0,8.0,4.0,7.0,3.9472637138298036e+23,4.0,0.5,0.5
0xcaea00545d64216f169fc157d7ea10910b56fcc7,0x8f87afe27ed3bd3a089cc2605b8d4b995d46f053,bajo,11,1,1,4,18,18,11005151.0,11006836.0,1685.0,0.2740740740740741,burn,1.0,13.0,5.0,11.0,248271997866059.0,5.0,0.38461538461538464,0.5
0x89b253ed777fecbd2d7613be233ecdc1f2e3a275,0xab022252b028f7405ac0148bdd4fbd42ef80ea52,bajo,6,1,1,4,18,18,10975802.0,10977569.0,1767.0,0.2780787037037037,burn,1.0,8.0,6.0,5.0,3.3125258683694277e+22,6.0,0.75,0.5
0xb2d10ecda4a5dc5694c02d7ccd47e8e45c853ee7,0x4090ad3e51088f305c889dd30f524d91811501de,bajo,10,1,1,4,18,18,12711429.0,12713394.0,1965.0,0.29747685185185185,burn,1.0,14.0,4.0,12.0,3.516508119145296e+24,5.0,0.35714285714285715,0.5
0xf0da89ff47675570a42e640fc45a08a3f1cee02a,0x164e07ae48ca7774663e90732d44b324f2e3c679,bajo,8,1,1,4,0,18,10329873.0,11740237.0,1410364.0,217.1537962962963,burn,1.0,17.0,10.0,11.0,7374616.0,9.0,0.5294117647058824,0.5
0xb37811ba8066fd202ce029c592d53fb4921b6830,0xc3c735ddb1982593eaddceb26f3fac007bc5827a,bajo,12,1,1,4,18,18,11554649.0,11562561.0,7912.0,1.2073148148148147,burn,1.0,14.0,4.0,10.0,1.7155418324062898e+23,7.0,0.5,0.5
0xdb32c06b9f75c7bedcd9ab257e86b82f6c683f2e,0x5095253483c3d7568997141c99f06bbb7971e888,bajo,11,1,1,4,18,18,10687613.0,10688697.0,1084.0,0.16167824074074075,burn,1.0,16.0,8.0,10.0,3.8587538258031254e+25,8.0,0.5,0.5
0xfdb1923fde6cc9fe0d2d12231a473d749a1b3950,0xf292bf13948400992a93b85c5c134422af86e0e7,bajo,17,1,1,4,18,18,12580485.0,12580687.0,202.0,0.031226851851851853,burn,1.0,21.0,4.0,18.0,3.450906471095876e+28,6.0,0.2857142857142857,0.5
0xea857d0a7dc93b31cc64a45098fdb8b90b96cecc,0xbdb3802dfb079ad5e7029a03ff43159866e5f001,bajo,11,1,1,4,18,18,11321210.0,11322241.0,1031.0,0.15814814814814815,sync,0.0,13.0,6.0,8.0,3.8409682027566236e+24,8.0,0.6153846153846154,0.5
0x5e98804215a2aac36dd38a662e891d8e17fcd086,0x62ab956d616c25d7887e685cf3299fba8505e34b,bajo,25,2,2,7,18,18,12704850.0,12706216.0,1366.0,0.21141203703703704,burn,1.0,43.0,15.0,29.0,3.516331520175076e+21,15.0,0.3488372093023256,0.6666666666666666
0x0f333d3545ea0291ae74e324a1d165be9d90c6a9,0x45887c4a6d7f1347fa823dfb3e5a6a342cf5808d,bajo,17,1,1,4,18,18,10567334.0,10567394.0,60.0,0.008645833333333333,burn,1.0,19.0,9.0,13.0,1.5967020366201773e+25,9.0,0.47368421052631576,0.5
0xa5e0834e225930d4a7894284467548887050d6b7,0x1de4918a33bad1d7f812ee82f9e993df7d769cac,bajo,20,1,2,6,18,18,11479875.0,11479933.0,58.0,0.008680555555555556,burn,1.0,21.0,8.0,10.0,1341376711795663.0,12.0,0.5714285714285714,1.0
0xc23124487bd37e037d5bddeb08f0828a9ba7e5bf,0xd020efbf200cd736a7cd0395474ada868550a53a,bajo,8,1,1,4,18,18,10711213.0,10711521.0,308.0,0.04960648148148148,burn,1.0,12.0,8.0,9.0,8.038299769890113e+23,6.0,0.5,0.5
0x4241e06fceb434b397b8aa76996e0a57728ffd1f,0xa200ca694e55ba4ff82b100f508bf540a20790cb,bajo,10,1,1,4,18,18,10677881.0,10678224.0,343.0,0.05694444444444444,burn,1.0,12.0,8.0,7.0,4.411636451338581e+25,8.0,0.6666666666666666,0.5
0xe1954aba03c1fc8f750163d382d264fc72dd7a5c,0x89ca3746b7cd11d2bd0f1fcad4d03be9e631dfbe,bajo,20,1,1,4,18,18,12575392.0,12575732.0,340.0,0.051770833333333335,burn,1.0,24.0,12.0,14.0,445259361999.0,13.0,0.5416666666666666,0.5
0x5060be56c9cfd8270f01df9be89ae360a7441ab4,0x61a8cb6deae0b2e73ca5f0324ccf4205e9fbbdcf,bajo,13,1,1,4,18,18,10954969.0,10955041.0,72.0,0.010983796296296297,burn,1.0,19.0,8.0,15.0,4.152003823519451e+26,7.0,0.3684210526315789,0.5
0xe9d46242c37a140c1163904e21c00180be100b63,0x100f409cb28cb2bf5d5b87404b15708a844b5208,bajo,15,1,1,4,18,18,12506645.0,12507539.0,894.0,0.13770833333333332,burn,1.0,19.0,4.0,17.0,3.3890575743522975e+28,5.0,0.2631578947368421,0.5
0xf35b8e15680d695f926ea469110e6bf5c6d6e8ff,0xf2fac5ca2ea83c680f4a25917626a433c7abacef,bajo,9,1,1,4,18,18,10204541.0,10204572.0,31.0,0.005578703703703704,burn,1.0,14.0,7.0,11.0,2.526551202143817e+25,6.0,0.42857142857142855,0.5
0xf2440168a152fab907087ebd10a70ee0a6e4504d,0x35e067c0f4311f65d1eec2e25fa12d798cece9c0,bajo,7,1,0,2,18,18,11527633.0,11546750.0,19117.0,2.921273148148148,sync,0.0,8.0,4.0,5.0,2.000007837227751e+28,6.0,0.75,0.0
0x941723d802dbb3da533b05a8418f8e168acad5f0,0x3beba5e62e710fe3e910017ecbd7954d8000e44c,bajo,22,1,2,9,18,18,12783361.0,12797544.0,14183.0,2.1958564814814814,burn,1.0,42.0,5.0,13.0,2.8087839392032656e+24,25.0,0.5952380952380952,1.0
0xb68c4188183b04991993de176d743aa2c7ec38bc,0x9eaa5973e0dad012eb3e04e2b37f76364b7135a4,bajo,7,2,2,7,9,18,12658883.0,12660095.0,1212.0,0.18104166666666666,burn,1.0,9.0,3.0,6.0,5846820387437907.0,6.0,0.6666666666666666,0.6666666666666666
0xe43982ee23e0bcfdb4223c9f25d921d87c9a3641,0x0955a73d014f0693ac7b53cfe77706dab02b3ef9,bajo,18,1,1,4,18,18,12715862.0,13035777.0,319915.0,49.958842592592596,sync,0.0,11736.0,559.0,1322.0,1.0000000002245244e+41,8907.0,0.7589468302658486,0.5
0xa0074c9c65c5674e41e3c63896597bbc590a1444,0x54287638ee712b2352392372c27f0be1da13e7d8,bajo,11,1,1,4,18,18,11210063.0,11217584.0,7521.0,1.167037037037037,burn,1.0,43.0,9.0,36.0,1.3506345847444627e+22,10.0,0.23255813953488372,0.5
0xd5cf99fb0a998bed1e6dbeeca844a2f7abf6c697,0x6edcdcdd72ae48595228537a0c156bd99f78241d,bajo,8,1,1,4,18,18,11047459.0,11047509.0,50.0,0.007847222222222222,burn,1.0,10.0,6.0,6.0,4.031645338167894e+22,7.0,0.7,0.5
0x3a3b56923a4804c55394c9740aedce0c1b46ea41,0x83fd1b757909c4b9ad490a7894ee98da4eca5fcb,bajo,14,1,1,4,18,18,11321003.0,11342870.0,21867.0,3.369733796296296,burn,1.0,16.0,4.0,12.0,3.6099828633443565e+25,6.0,0.375,0.5
0x6f737871931868e09d8458b6ffb7001db2f87f21,0xaec367c252764e61c39de84208b305f283360778,bajo,23,1,1,4,18,18,11637718.0,11639775.0,2057.0,0.32135416666666666,burn,1.0,28.0,4.0,27.0,3.489641960839526e+23,4.0,0.14285714285714285,0.5
0xad0390160909967ddeb547e00260da07660d83db,0x11cb5716e6409448dbc1096655dfd130061cd779,bajo,8,1,2,6,18,18,12727328.0,12727577.0,249.0,0.03494212962962963,burn,1.0,14.0,6.0,8.0,5.0122813870318444e+33,9.0,0.6428571428571429,1.0
0x42a668942682f6d7e242c550f06fa9562bf1241f,0x4834807440aadf5c53c03208224952b420eba267,bajo,13,1,1,4,18,18,13044403.0,13048375.0,3972.0,0.6017939814814814,burn,1.0,15.0,4.0,11.0,1.962192899456694e+24,6.0,0.4,0.5
0x7ebd24f55770cd304bd381f869b24baf7efc951a,0x3b12284c0e534e3a246457133d40a7f00b3866da,bajo,18,1,0,3,18,18,12856106.0,12856249.0,143.0,0.023252314814814816,sync,0.0,24.0,9.0,15.0,2.8618448805493404e+33,11.0,0.4583333333333333,0.0
0xf67746ae504f1b190a056d359d737b809396bb46,0xb1c98a1982b66758d5964a4d7f6e2c3e4eecc5e4,bajo,24,1,1,4,18,18,12602739.0,12605351.0,2612.0,0.40497685185185184,burn,1.0,26.0,6.0,19.0,2.2713843898276322e+31,10.0,0.38461538461538464,0.5
0x400258788194e57f5aa4e5707ac77fa7390b2170,0x91e7f0a2cdaf73c2e5e8f876e2d95dcfb0c25f1c,bajo,11,1,1,4,18,18,12674042.0,12674143.0,101.0,0.015486111111111112,burn,1.0,13.0,5.0,9.0,4.244313845940637e+29,6.0,0.46153846153846156,0.5
0x0fa8fd21de475614f0cb3e8c841cd0125847b530,0xb2e457f0faa57f14c6680b965be7d78b9cb41969,bajo,21,1,1,4,18,18,10717436.0,10717631.0,195.0,0.03375,burn,1.0,24.0,7.0,17.0,2.0410462636591192e+21,7.0,0.2916666666666667,0.5
0x0d76e2c9f7be634ac862af35e14219003289da55,0xe34aebcb54afceec95e1fe538483bd1227a840a4,bajo,19,1,1,4,18,18,10764592.0,10764638.0,46.0,0.006921296296296296,burn,1.0,22.0,9.0,16.0,1.4052194880753027e+23,9.0,0.4090909090909091,0.5
0x17ff291e2f62602216a160a89d8ef576735e993a,0xbddc40924ed5354edcdb3b959fefc26056879c52,bajo,24,1,1,4,18,18,10980571.0,10981816.0,1245.0,0.1967361111111111,burn,1.0,25.0,3.0,24.0,5.917812056077559e+22,4.0,0.16,0.5
0x82084a627e8f02292f9744e043ab092223390770,0x015edaf1914235eb2393389b52e4c0b7c074ac88,bajo,10,1,1,4,18,18,12703058.0,12703168.0,110.0,0.017175925925925924,burn,1.0,12.0,4.0,9.0,2.4558855567686973e+30,6.0,0.5,0.5
0x351ba7cf9f096db18760a28b40ebaabb3cd476fa,0x769cbae7fb9da191c6aa3d90437ba93372e5419a,bajo,6,1,1,4,18,18,12562085.0,12562325.0,240.0,0.035787037037037034,burn,1.0,14.0,8.0,11.0,1.0263939842639285e+26,6.0,0.42857142857142855,0.5
0xf2fbc70fea63fd165edc4c5804d4ec2d03c1fdbc,0x77cdbd7cf24a3f8f54e309af0a52add4ba80cf59,bajo,17,1,1,4,18,18,10676890.0,10679443.0,2553.0,0.3975925925925926,burn,1.0,30.0,12.0,17.0,3.96775876718748e+25,15.0,0.5,0.5
0x010857199956345929eab5b110b41d65b0a81dd0,0xcc2c721cb1e9d7ae782f73004902e32d993f8fcc,bajo,8,2,2,7,18,18,12225451.0,13041210.0,815759.0,126.73207175925926,sync,0.0,23.0,8.0,15.0,8.111362244002072e+28,11.0,0.4782608695652174,0.6666666666666666
0x3ddc1d1560dd07a054ce1c0bc1209f467bc3fbfc,0x5bae22c1af93de7ac8805337536039a9bd13fbf9,bajo,15,2,2,7,8,18,10571123.0,10612325.0,41202.0,6.361030092592593,burn,1.0,20.0,7.0,8.0,150121629292447.0,13.0,0.65,0.6666666666666666
0xa2c20976d7110619a748789ce0069f27b8994451,0x9b06d189bd2c4cc27a2c79d81b303533d29730a5,bajo,10,1,1,4,18,18,12644081.0,12644190.0,109.0,0.01804398148148148,burn,1.0,15.0,7.0,9.0,3.067893311389777e+33,9.0,0.6,0.5
0x70121328e0fe1fb92bec14bc0831e7b967761847,0x793e2602a8396468f3ce6e34c1b6c6fd6d985bad,bajo,10,1,1,4,18,18,10901329.0,10912239.0,10910.0,1.676076388888889,burn,1.0,445.0,147.0,146.0,6.907851614579176e+20,201.0,0.451685393258427,0.5
0x5cae075a2221ddf2797862ba9ac8e152c2eb779d,0x2a0d4ac7c7603cc543fbfdaad892561a5038a8de,bajo,24,1,1,4,18,18,12243791.0,12244152.0,361.0,0.05318287037037037,burn,1.0,26.0,5.0,4.0,4.4971359919156154e+20,25.0,0.9615384615384616,0.5
0x49027592f6a516cef89eeb369dec0fff81d1c4d3,0x4225767ae341c2bc7ba90f70ba50e6eb4107c6af,bajo,13,1,1,4,18,18,10793132.0,10793156.0,24.0,0.003912037037037037,burn,1.0,35.0,9.0,16.0,3.5901398849679076e+25,22.0,0.6285714285714286,0.5
0x62274d9529860b42d4b775a4d87a84a5f2c972b7,0xd2db4a1c5e3156d147ae000328d493feb5f6dbd2,bajo,14,1,1,4,18,18,10644335.0,10644386.0,51.0,0.006388888888888889,burn,1.0,19.0,8.0,11.0,5.9116901197544516e+22,11.0,0.5789473684210527,0.5
0xbdcd483f7dffc23d2776d9704a2a298753394805,0xadc7be1bc868ee55b9a046a1ef8a3ae4238fa385,bajo,10,1,1,4,18,18,12473436.0,12473574.0,138.0,0.022060185185185186,burn,1.0,12.0,7.0,7.0,1e+31,8.0,0.6666666666666666,0.5
0x8b2a630467e91b749e532cb4a0092d6b19e2f801,0x0dcfc2803b37a989c1ac6322a3dca3ceb2d6328c,bajo,11,1,1,4,18,18,12616180.0,12617372.0,1192.0,0.17653935185185185,burn,1.0,14.0,4.0,13.0,2.743489334805442e+23,4.0,0.2857142857142857,0.5
0x2efa5a5a6e973da0522c1be0463e9797ba3068b9,0x575523a9b1312adbb46894fd28c646aa9d718a34,bajo,7,1,1,4,18,18,12795222.0,12795240.0,18.0,0.003159722222222222,burn,1.0,10.0,6.0,5.0,2.934694246092957e+26,8.0,0.8,0.5
0xe935ada5f33df2814705f9455b667ffc69ec3326,0x626d2343257496ddb49b839fea9233fe64589524,bajo,17,1,1,4,18,18,11289983.0,11302657.0,12674.0,1.9525115740740742,burn,1.0,19.0,6.0,15.0,2.1536714324073552e+25,7.0,0.3684210526315789,0.5
0x497cd96f525fff778f66e4b923f1955b98c36f84,0xb8097fa245f971e082cdfe12c51d7da79b065dcd,bajo,16,1,1,4,18,18,12892059.0,12892110.0,51.0,0.006863425925925926,burn,1.0,20.0,5.0,14.0,3.970293295850784e+30,7.0,0.35,0.5
0x052b5078304e7d4bdb5e464cf93682ab4bf6029d,0x33bf0f03c18d98ab96cf3dc42266da29d6666585,bajo,6,2,2,10,18,18,11040089.0,11206164.0,166075.0,25.46903935185185,burn,1.0,9.0,4.0,4.0,2.0079251285438905e+24,7.0,0.7777777777777778,0.6666666666666666
0x9e8fee91ffcdcecc711f807969f57706e6147ff0,0x54bbbcf29f465477153f772f0c296bebbf0a8b81,bajo,13,1,2,6,18,18,10797678.0,10797983.0,305.0,0.045439814814814815,burn,1.0,16.0,8.0,8.0,1.3762478300862456e+22,11.0,0.6875,1.0
0x8df4cb972690945825ed2219c8a556668eceaddc,0x53b003902cbcd42ac8ae585dbfa9529f3318e7b8,bajo,12,1,1,4,18,18,10942857.0,10943481.0,624.0,0.0990162037037037,burn,1.0,15.0,6.0,13.0,2.4658318444020954e+24,5.0,0.3333333333333333,0.5
0x456bd15e4dc2e0197dd4b932df85d686c4309285,0x56a16ab373586e4a5dea5776dd4576e78bf8fbef,bajo,19,4,2,9,18,18,10745724.0,10746807.0,1083.0,0.1577662037037037,burn,1.0,23.0,9.0,12.0,4.479578957875148e+25,13.0,0.5652173913043478,0.4
0x0fdb030cdc40769aa7e8ff5039510adb9d468366,0x028aa75a70ddc7428d9cef884221879e27916b14,bajo,12,1,1,4,18,18,10947811.0,10948149.0,338.0,0.05019675925925926,burn,1.0,14.0,6.0,11.0,2.0526242922813563e+26,6.0,0.42857142857142855,0.5
0xb7dd059d531e9acdb45eae6227e7c9eb7e2eaa38,0x9e414d4a45786bb448e9e9bf0c43289eae9d794a,bajo,16,1,1,4,18,18,12841785.0,12841816.0,31.0,0.002951388888888889,burn,1.0,19.0,7.0,15.0,2.939234191283134e+30,7.0,0.3684210526315789,0.5
0x00b3cfb5d6030401ccc0e827fb44c47844e4867b,0x6fd349bded858b7afa5190e1c9f02079b978dd23,bajo,6,1,1,4,18,18,11091336.0,11092919.0,1583.0,0.24667824074074074,burn,1.0,8.0,4.0,7.0,1.593436726126689e+22,4.0,0.5,0.5
0x3f0c14e198102f92f9c848d7eadf84f30b82d32c,0x2ad128fbeff2b781d028148dec82bbe2498dc08e,bajo,21,1,0,2,4,18,12629288.0,13199386.0,570098.0,88.72491898148148,sync,0.0,177.0,21.0,124.0,272653811724.0,26.0,0.14689265536723164,0.0
0xf558867f70c57c644152fb18d9e71892714c2194,0xc626ed3fdf3e4297bf9f49cc37f35705133aac89,bajo,9,1,1,4,18,18,10584693.0,10586642.0,1949.0,0.2995023148148148,burn,1.0,11.0,6.0,7.0,6.079129009490166e+25,7.0,0.6363636363636364,0.5
0x1190a17e6cf55abf5627c61098c4f503d784ed26,0x51abb81e2b03ac4ec3046676ad6909e021bbb526,bajo,9,2,1,5,18,18,12715135.0,12718490.0,3355.0,0.5262731481481482,burn,1.0,10.0,5.0,6.0,2710610087348761.0,7.0,0.7,0.3333333333333333
0xc1f14048745d4174a7f5ddb1c9413e87422dfe7d,0x77dc1f32a15f0c255b7ae0a1f67fc0b46e7b8bba,bajo,22,1,1,4,18,18,12265904.0,12265956.0,52.0,0.007650462962962963,burn,1.0,30.0,11.0,18.0,6.266516065861966e+32,13.0,0.43333333333333335,0.5
0x08ac34902dc592fc840aba8d9e8cac9d1446e8ab,0x9a414c1b3f17b05bb7e894be68770c010f80740e,bajo,9,1,1,4,18,18,12551181.0,12553292.0,2111.0,0.3340162037037037,burn,1.0,13.0,6.0,9.0,3.507656645908099e+33,7.0,0.5384615384615384,0.5
0xfbc6e9778f880d2b2159af9dd4a59c9f7f99e5a3,0x5ef4df48c095644b2d05571e187a77cd03ecf2a0,bajo,12,1,1,4,18,18,10969868.0,10969989.0,121.0,0.01835648148148148,burn,1.0,14.0,7.0,8.0,6.579870190925028e+21,9.0,0.6428571428571429,0.5
0xea97fe3258a77fa6baf875a56ecf9d0dccf9a307,0x6ef414b584e77fb6575e58639355ebf3dc5d4a20,bajo,6,1,1,4,18,18,12770987.0,12771088.0,101.0,0.018206018518518517,burn,1.0,9.0,4.0,8.0,2.4810847819388394e+21,4.0,0.4444444444444444,0.5
0xb12ff75f25078f199046626b24fbd957e3727347,0xed3fbb9d036bc133a9bdee5cd188f56cd2bb20f1,bajo,16,3,1,6,18,18,10391906.0,10392684.0,778.0,0.11811342592592593,burn,1.0,25.0,11.0,13.0,88630015.0,14.0,0.56,0.25
0x4754c0e1f039f117540062967b84682628769cc4,0x0e9c5552e8d18a3a44ea35c974c0779daf1334ee,bajo,12,1,1,4,18,18,11122779.0,11122925.0,146.0,0.022604166666666668,burn,1.0,13.0,7.0,8.0,7.708091534794269e+21,8.0,0.6153846153846154,0.5
0xc0872d496dbb8c09371f5267e26465118110c364,0x757acd5748ead72b36b280f92cc82e129d872e2f,bajo,6,1,1,4,18,18,12462909.0,12471061.0,8152.0,1.2648148148148148,burn,1.0,36.0,6.0,31.0,2.0205993771352776e+24,7.0,0.19444444444444445,0.5
0xcd7ef8e75a08b30d3e7987f1177f44e678149d43,0x87b3c4f82cbcc0332cc00c72538d6c4d6eb5ae23,bajo,21,1,1,4,18,18,10270328.0,10271951.0,1623.0,0.24422453703703703,burn,1.0,24.0,11.0,14.0,5.0124504638498334e+26,13.0,0.5416666666666666,0.5
0x085e2a16476c63a4b0b62dbd5ed7219d31067861,0x5f536c628ec956d44bc66ecca8884f4777451f82,bajo,8,1,1,4,18,18,11009009.0,11009125.0,116.0,0.01954861111111111,burn,1.0,9.0,5.0,6.0,3.037664361562751e+24,6.0,0.6666666666666666,0.5
0x744f3a90db3f0181e34df191b536487828a8252a,0x8ce2c45829d7416c06d906d34f2d247dc568cbda,bajo,17,3,2,8,18,18,12345932.0,12372313.0,26381.0,4.067581018518519,burn,1.0,72.0,10.0,21.0,6.2504609727732875e+28,31.0,0.4305555555555556,0.5
0x40bd3fde5ee06a8fb63ae5c9ea6c1c59e11fb66b,0x8aa45208ddb85a5978587fc1708f9bf6fd168527,bajo,6,1,1,4,18,18,10754859.0,10755652.0,793.0,0.12273148148148148,burn,1.0,8.0,5.0,5.0,3.6003769896857087e+25,6.0,0.75,0.5
0xba24c9972de9e58a0b15c272e13d2eaaf52ad5af,0xb6ee6bfa1db1a10383ba26be5ae9e71522836422,bajo,9,1,1,4,18,18,10381521.0,10381559.0,38.0,0.005706018518518518,burn,1.0,11.0,7.0,7.0,8.136769574942988e+25,7.0,0.6363636363636364,0.5
0x1945d8d529cf4ce64f7098164c33c9e9ec99c218,0x61395d8cfffc85dafc3246c23c17b3dbaf1322d0,bajo,25,1,1,4,18,18,12485819.0,12487523.0,1704.0,0.2590046296296296,burn,1.0,27.0,4.0,22.0,3.32562489709294e+33,7.0,0.25925925925925924,0.5
0xde47aa088e3c33652cbdd8a94cfda200bad3a3b4,0x294b5a5765882fa34e1d01cba0c9bcf33c5f63e1,bajo,14,1,1,4,18,18,13078389.0,13078464.0,75.0,0.01017361111111111,burn,1.0,17.0,8.0,11.0,3.237441113234436e+28,9.0,0.5294117647058824,0.5
0x0ba0a49236abbff5acdc38da831f9b41de0df49d,0xc8502b6a213ae9b1e8355cc08971d60428af279d,bajo,24,2,0,5,18,18,10862312.0,11239896.0,377584.0,58.21126157407407,mint,0.0,26.0,10.0,15.0,1.0465942736791558e+28,14.0,0.5384615384615384,0.0
0x7cc471a3affefda8a78ec5903626e3726ba8b434,0x61d94835be8edcdea3e30412f99f21d243039d2b,bajo,7,1,1,4,18,18,10853203.0,11023305.0,170102.0,26.38980324074074,burn,1.0,9.0,5.0,7.0,7.220453304168689e+22,5.0,0.5555555555555556,0.5
0xb486b6f981ff3e1e82bffbd78510ea845c107ed2,0x55b12c5f8f6a06911dad00b99e1de96f141795e1,bajo,11,1,1,4,18,18,12864882.0,12865010.0,128.0,0.019895833333333335,burn,1.0,13.0,4.0,9.0,2.4714285285371656e+26,7.0,0.5384615384615384,0.5
0xa9a165ec5e73a72448f50d2657332e85f833735a,0xcf4c78472a016693490cf31036868eca2ef15627,bajo,21,1,1,4,18,18,12320719.0,12323689.0,2970.0,0.4451041666666667,burn,1.0,24.0,4.0,19.0,869568730388770.0,8.0,0.3333333333333333,0.5
0x97d0408d3357bd0874664e5a6425abc4bf62cc28,0xc73f3ce5360a7fc0021f1af7ebc9398137fded3c,bajo,10,1,1,4,18,18,12370266.0,12371665.0,1399.0,0.22162037037037038,burn,1.0,13.0,7.0,8.0,3.110791623412283e+24,8.0,0.6153846153846154,0.5
0x3f224d13c6bfe795156d82480cafb5e6076daf24,0xf97309f025e23e68108c395d0aed7342d48c4b89,bajo,16,1,1,4,18,18,11299635.0,11301737.0,2102.0,0.32006944444444446,burn,1.0,18.0,4.0,14.0,3.9531995024772e+22,7.0,0.3888888888888889,0.5
0x094eb8c3b3674ca784437ad930122bbc133232be,0x26556aec69999ab8111874b401dc89b572fe14d0,bajo,6,1,1,4,18,18,10798206.0,10798457.0,251.0,0.03930555555555556,burn,1.0,8.0,5.0,6.0,1.0294250888403864e+27,5.0,0.625,0.5
0x949bbeac11102d59092afc60570b7e3ce6174abc,0x393ef87bb6257eb049940315523545e963eea420,bajo,6,1,1,4,18,18,12113981.0,12114559.0,578.0,0.08853009259259259,burn,1.0,10.0,7.0,6.0,40889998.0,7.0,0.7,0.5
0xf7f63d8547e32e4834bd1d4ee26c35041f3e7ba0,0x1730104a22647b0bfa43f29b68efca4863b4b429,bajo,11,1,1,4,18,18,12446836.0,12446909.0,73.0,0.01292824074074074,burn,1.0,13.0,4.0,5.0,359611915759.0,11.0,0.8461538461538461,0.5
0xe038da9b713f5804f354b97116b2a634d55a85e2,0x21b86c38b61463f36bae92d49e4c95fff419db53,bajo,11,2,1,7,18,18,11480578.0,12306463.0,825885.0,127.02439814814815,sync,0.0,20.0,10.0,9.0,2.0008575484908877e+21,13.0,0.65,0.3333333333333333
0x32164767f9b2fc8d5a86e087be507a70967d36c2,0x410dc1f0a7d47646a980043c14d37c1d8484778b,bajo,12,1,1,4,18,18,13094408.0,13096751.0,2343.0,0.3720023148148148,burn,1.0,19.0,5.0,14.0,3.328499543435313e+32,7.0,0.3684210526315789,0.5
0x5ea55f0ad42cf2294779b7c5de3bb987f5280667,0x10b779f51dbe995f6a3170c26875cbfd368d194f,bajo,7,1,1,4,18,18,12668477.0,12674711.0,6234.0,0.9634837962962963,burn,1.0,8.0,3.0,8.0,2.9040513939066204e+32,3.0,0.375,0.5
0x622a1e0d34e9fc3324a955028c59cedcc5be15d8,0xece1c679ace294e96b100b6040af804e46da69ca,bajo,19,1,1,4,18,18,12554814.0,12555040.0,226.0,0.03194444444444444,burn,1.0,22.0,7.0,16.0,3.0419688372447933e+33,9.0,0.4090909090909091,0.5
0x42dcd95537360dd647756f3081baa078aa0b6d2f,0x682aa82a623db7b5eee4e0363d1d5b2579fcba66,bajo,7,1,1,4,18,18,10874898.0,10878112.0,3214.0,0.4834837962962963,burn,1.0,9.0,5.0,6.0,9.619137796593664e+23,6.0,0.6666666666666666,0.5
0x1ae3b1cb11012f3d28e8687b2f12b143a6ceb2bb,0x9651ac58de6999895d060c5677447887b1dfdabf,bajo,12,1,1,4,18,18,12464205.0,12464327.0,122.0,0.01752314814814815,burn,1.0,15.0,8.0,10.0,3.201681369266757e+33,8.0,0.5333333333333333,0.5
0x1ca794e53b6536ed6a70f2ca51094c8b141907ef,0x2537aad14ddd93778f8a8f97852d73b37ff0c581,bajo,12,4,0,5,18,18,12798883.0,13059320.0,260437.0,40.68018518518519,sync,0.0,30.0,5.0,19.0,1.0005563048801806e+24,14.0,0.4666666666666667,0.0
0x4659553fa5b684fe558954bf13141c5ab6840a6d,0x1d4af2e8acea4f0859b201653686c12d66f51b49,bajo,15,1,1,4,18,18,12299936.0,12300066.0,130.0,0.021076388888888888,burn,1.0,19.0,4.0,11.0,2.2588379012048908e+21,11.0,0.5789473684210527,0.5
0x2dea3cd5157e0166580cc9b12e4a5b8a37c6ff5f,0x4347de3a9938580edf63cf02f1a3bc0a385986d7,bajo,6,1,1,4,18,18,12312090.0,12314441.0,2351.0,0.36136574074074074,burn,1.0,8.0,4.0,7.0,3.944433026339708e+30,4.0,0.5,0.5
0x6cf479d70b919623614f1ffd2000a82fa60ebb94,0x653e81085af1a51dc30fa03a1faa9cb4d16a6c53,bajo,7,1,1,4,18,18,11266871.0,11273251.0,6380.0,0.9847222222222223,burn,1.0,10.0,5.0,7.0,3.5682727499311063e+24,6.0,0.6,0.5
0x6e3528885806ab40f1cf5c5b13709b8104cbef8c,0xdd3c4562a2d2357e029532794b73507bb34c934d,bajo,21,1,4,10,18,18,12582440.0,12582517.0,77.0,0.010046296296296296,burn,1.0,29.0,10.0,15.0,3.240955179171379e+32,16.0,0.5517241379310345,2.0
0x5dd391704f2922c9ba5303cff46bf9750394d34a,0x81f91dac3a1a779f62db806304c45beaa34ee55a,bajo,13,1,1,4,18,18,12813265.0,12816412.0,3147.0,0.4928240740740741,burn,1.0,16.0,7.0,9.0,3.12882392464141e+33,9.0,0.5625,0.5
0x0fa1751718e17afb378f236aa699f839aa75f18f,0xf9be3ebabe3627ddc7213f38bc39237c960dd2df,bajo,6,1,1,4,18,18,11443302.0,11443409.0,107.0,0.015590277777777778,burn,1.0,7.0,3.0,6.0,5.8555563278932665e+22,4.0,0.5714285714285714,0.5
0x9f76bb67e1524459d6e35e0b597dcb385c93fda6,0xf7ce212af465e6c210d00fd1036b906d8e9b9670,bajo,18,1,1,4,18,18,12658389.0,12658474.0,85.0,0.012604166666666666,burn,1.0,20.0,8.0,14.0,2.030543513415397e+33,9.0,0.45,0.5
0x43913fc716a940d700ef19be1661f99799f53ee4,0xbfb48ea84461a0a3627a99377b4dbee68c1e0835,bajo,10,1,1,4,18,18,12346617.0,12351816.0,5199.0,0.7981944444444444,burn,1.0,12.0,4.0,10.0,1.5935243652906193e+26,5.0,0.4166666666666667,0.5
0x12d045400e42aa7feb1c20b263cea9576d2b517c,0x3b46c6c1f8ca92b1ee65f2969c4e17f8969ca4a5,bajo,23,1,0,2,18,18,12205637.0,12207077.0,1440.0,0.2226736111111111,sync,0.0,24.0,6.0,14.0,1.0000020685669638e+29,11.0,0.4583333333333333,0.0
0x77b656fe28da02cf0fec4c405f4d458362b8f6eb,0x81a3da9cee3ca853834577db44370d9f562f0d86,bajo,21,1,1,4,18,18,12298624.0,12298786.0,162.0,0.026493055555555554,burn,1.0,23.0,4.0,22.0,3.522265120043499e+23,4.0,0.17391304347826086,0.5
0x851570382d53654948aab3fd90fcde9e5854ae68,0x1dda1e13f4efc375958d4e3fb38ec8ccb67fc52e,bajo,22,1,1,4,18,18,12943861.0,12945552.0,1691.0,0.2724652777777778,burn,1.0,24.0,4.0,17.0,3.0875134568428063e+30,10.0,0.4166666666666667,0.5
0xa9251a56c4ac9b43abd45ab3be8a38810c63f475,0xc475dbea2fe4311e50a6140807c3b1d22b8305a5,bajo,7,1,1,4,18,18,10893012.0,10896559.0,3547.0,0.5425925925925926,burn,1.0,9.0,5.0,7.0,6.181557933292272e+24,5.0,0.5555555555555556,0.5
0xe679b2dea8230724084b163e366a3e91b4a57111,0xf2dc35112aa1bc1fe48b295662825fb456e9e4b1,bajo,11,1,1,4,18,18,10717614.0,10720365.0,2751.0,0.41802083333333334,burn,1.0,13.0,6.0,9.0,7.047847813634297e+24,7.0,0.5384615384615384,0.5
0xe0224f1919af76654c0b3b3a110fe907d2ab3ff8,0x220634a59b98c53b8dd2e0123dc536e86500f654,bajo,18,1,1,4,18,18,11728576.0,11801591.0,73015.0,11.247650462962962,burn,1.0,20.0,4.0,17.0,1.55945107112403e+23,6.0,0.3,0.5
0xd2d960653b1e02f3492f92323976dbae0a1ab37c,0xca36e49f35c87fcd69c8eed9ae6d9eb373a2bfde,bajo,9,1,1,4,18,18,12458697.0,12459199.0,502.0,0.07809027777777777,burn,1.0,11.0,4.0,9.0,3.991618098184945e+20,5.0,0.45454545454545453,0.5
0x5b74b746e61264f5307bb65cc9ac044dd6074492,0x59ef3ed28ab8bfa34059f61dada1a243e2ee81d7,bajo,9,1,1,4,9,18,12784594.0,12787078.0,2484.0,0.3932407407407407,burn,1.0,12.0,3.0,9.0,9.613156497154258e+20,6.0,0.5,0.5
0xbc1cae94157fde3a7ad3846e809a83422759dca9,0xb85f861f90cc3fba228f33d1f5ee777adbd07264,bajo,15,1,0,4,18,18,12676711.0,12679733.0,3022.0,0.4686226851851852,sync,0.0,18.0,3.0,15.0,1.8985671533576083e+33,6.0,0.3333333333333333,0.0
0xa678b5c319b92fec018bf908f5028170d378c09d,0x1661bab71626a7bbd00f58c25d0116828ef3f091,medio,56,1,1,4,18,18,12634731.0,12635418.0,687.0,0.1045486111111111,burn,1.0,63.0,6.0,57.0,3.0623197790574493e+30,7.0,0.1111111111111111,0.5
0xff81017b79d4f7326f8b3dc1dff8146f63cbec1f,0x59a4ff37728ff98efec6aa380daf2b3ad0eff657,medio,50,1,1,4,18,18,13119225.0,13144609.0,25384.0,3.918599537037037,burn,1.0,52.0,4.0,50.0,3.3119615676385204e+27,5.0,0.09615384615384616,0.5
0x72f7ff8167fbc340837d83786b48c561b3f2838a,0xe367d6a0ba57a71fd76e449dced9d67b5feb5062,medio,31,1,1,4,18,18,12408442.0,12414891.0,6449.0,0.9955324074074074,burn,1.0,36.0,8.0,32.0,3.917709322846928e+31,7.0,0.19444444444444445,0.5
0x0624a089f11ebb5b53e5173e21c4917449da0c48,0x61ac5d46b987a95c38ea53576f43e253e3b3613a,medio,72,1,1,4,18,18,12803132.0,12803823.0,691.0,0.11106481481481481,burn,1.0,74.0,15.0,62.0,3.68891839096393e+26,15.0,0.20270270270270271,0.5
0x3caef15c9ad17321d8ac9f9ad9118c33b8d88974,0x1e9e699f4a7e83f0fe984cf88c20e8325e99e85c,medio,34,1,1,4,18,18,11517150.0,11517251.0,101.0,0.017256944444444443,burn,1.0,47.0,20.0,22.0,3.9468312402535485e+24,23.0,0.48936170212765956,0.5
0xbfd515ec030e23b8732b2fe45dca45d97e1b6a18,0x3f774cb2ce5258fe94196ba98ed91b8445d97b45,medio,32,1,2,9,18,18,12461876.0,12516803.0,54927.0,8.529421296296297,burn,1.0,40.0,16.0,23.0,2.719534209089707e+30,20.0,0.5,1.0
0xe961ebfe3cb4545725ede074694d304ecac51033,0x0b8cd4dcfed129c4cbfadbbefb227a872bcfbd0b,medio,32,1,1,4,18,18,11179847.0,11179969.0,122.0,0.020127314814814813,burn,1.0,37.0,15.0,19.0,5.8684545665493665e+22,20.0,0.5405405405405406,0.5
0x9472c6fe2de1a1b0abe12cf3182f4373d066d356,0xc0339d2207eedaf0d6b2bd2e3c6eb08c7603e1d7,medio,87,1,1,4,18,18,12847907.0,12849124.0,1217.0,0.18784722222222222,burn,1.0,89.0,18.0,74.0,3.907687661472442e+27,18.0,0.20224719101123595,0.5
0x8656e8ee5ba3f4966ca48ab9381f9910907ca5ad,0x46d473a0b3eeec9f55fade641bc576d5bc0b2246,medio,92,1,1,4,18,18,11139864.0,12661345.0,1521481.0,234.26983796296295,sync,0.0,219.0,50.0,134.0,7.467674843339745e+26,64.0,0.2922374429223744,0.5
0x2d22ebfc1728550fc10fa321f9c6502336fae964,0xbd916e43b0168011cebb7673c04de7b389a60e09,medio,38,3,1,6,18,18,11186261.0,11186972.0,711.0,0.10825231481481482,burn,1.0,38.0,6.0,9.0,1.555439777316182e+25,30.0,0.7894736842105263,0.25
0x83d11875cf3c8c7617b7cb55cbed6acfb7122e51,0x2d1e417e0126c609cca36e55b2653b02e73abc0d,medio,27,1,1,4,18,18,12775217.0,12803116.0,27899.0,4.336782407407408,sync,0.0,58.0,7.0,45.0,2.2129382452575245e+30,11.0,0.1896551724137931,0.5
0xde6437675d1a1adef9860da1a8f9d8bb8b836c5a,0xc5d428f3d7ceddf62f5b25fb97242a67c96c1261,medio,42,1,1,4,18,18,11596073.0,11602361.0,6288.0,0.9661921296296296,burn,1.0,129.0,8.0,94.0,2.7255797016584695e+25,23.0,0.17829457364341086,0.5
0xe4e6a41b867fc083db88de6c3c56e1b0c8fa0612,0xa7873d036846b5155bb3767e57314c34cf7313d1,medio,55,1,1,4,18,18,11496715.0,11498897.0,2182.0,0.34064814814814814,burn,1.0,93.0,9.0,42.0,2.992596945856274e+25,31.0,0.3333333333333333,0.5
0xfb706e2bac48b01ab7a0dc73676a4c86a09bf0d1,0x71ecd7b48138716cc5f52cdd25db45226e1f9836,medio,39,1,0,4,18,18,12661173.0,12674570.0,13397.0,2.081701388888889,sync,0.0,45.0,9.0,24.0,2.4284894143545638e+33,21.0,0.4666666666666667,0.0
0x9c036cab3d7e52fa4a636f54f86ea2cdf48bff12,0x754006c2325ab943d782e36dea661ee06e0bd015,medio,68,1,1,4,18,18,10781989.0,12628559.0,1846570.0,284.34769675925924,burn,1.0,143.0,30.0,43.0,2.4570393820058383e+23,101.0,0.7062937062937062,0.5
0xb75961c1ed843b2e2839bcf0011d74f0eab96c5b,0x1378bfd46a7ffbcae16c7af06a6af34281d0ba7a,medio,41,14,6,27,18,18,10924545.0,13161237.0,2236692.0,345.4258912037037,sync,0.0,139.0,18.0,87.0,2.1261751564290967e+26,29.0,0.20863309352517986,0.4
0xaf83ec95fa8110f129fb83f4471f68b90dc8f03f,0x32dbd3a809064fa1c475c15584c307eb36317969,medio,35,1,1,4,18,18,12710999.0,12711483.0,484.0,0.07611111111111112,burn,1.0,38.0,4.0,26.0,2.825816940569031e+33,9.0,0.23684210526315788,0.5
0xe9fe5fb412c990f284e1f2fa620b5505f589f017,0x263855ebfe85a1532ffd3ef21dee111378be8514,medio,37,1,1,4,18,18,11407608.0,11408203.0,595.0,0.09503472222222223,burn,1.0,40.0,6.0,15.0,1.2995621896162214e+24,18.0,0.45,0.5
0x79a9268f74d0854bcb0ae867137978701fee21c5,0xee3254d8045f865ab858cd320a43a4700a78094f,medio,28,1,1,4,18,18,11246878.0,11249090.0,2212.0,0.3332638888888889,burn,1.0,30.0,4.0,17.0,2.8084314389294346e+23,14.0,0.4666666666666667,0.5
0xeb93474668861f0a2d04d019014e0048572883dd,0x95db1468f2d8af1e5aa1d027c30007313d0a17c3,medio,49,1,0,2,18,18,13017299.0,13120332.0,103033.0,15.920405092592592,sync,0.0,169.0,10.0,12.0,2.9006519448510426e+22,130.0,0.7692307692307693,0.0
0xe2d360dfd8b6dc5edcdf0bf4ffcefe252e48ed3b,0xd675cd70cfff24aa6a3586600d9e5fc59f17117e,medio,69,1,0,4,18,18,10824939.0,10832237.0,7298.0,1.1274421296296295,sync,0.0,73.0,19.0,46.0,2.3546899268697304e+29,25.0,0.3424657534246575,0.0
0x829a111a2c75e8ad3fcee8c172d03e9198155fc4,0xc5514fc162dd7b9acc70b98d1bc57a94f12d79cb,medio,32,1,1,4,18,18,12229001.0,12287874.0,58873.0,9.092418981481481,burn,1.0,35.0,4.0,34.0,6.596508683162685e+26,4.0,0.11428571428571428,0.5
0x67d8725ddb7004a903cdf88644ce0bb69e57885f,0x65b9af2faa11a158d67771b87b2f183c738bd4da,medio,39,1,1,4,18,18,11185793.0,11186015.0,222.0,0.03364583333333333,burn,1.0,41.0,9.0,30.0,2.7351372971577504e+25,12.0,0.2926829268292683,0.5
0x71fc614fa030b6170af523fc599e19e2e7737a17,0xcbd982f971f4a2d6e56a112a0f4b4b77778c1ae6,medio,36,1,1,4,18,18,12920703.0,12922185.0,1482.0,0.2349537037037037,burn,1.0,38.0,4.0,31.0,2.9113977854950706e+31,10.0,0.2631578947368421,0.5
0x0baedd006630ef5a4d04bcafd0debed663def952,0x41efd47a6ee55eac3aeb8c695758540c4a113e23,medio,34,1,1,4,18,18,12540644.0,12553705.0,13061.0,2.0282175925925925,sync,0.0,36.0,4.0,30.0,3.518930982109423e+27,7.0,0.19444444444444445,0.5
0x337c9035030e2791017caf95cefb056ce7357205,0x3359e3c1b9508a1e94f00195fc59f309f284ee1f,medio,65,1,2,6,18,18,12909101.0,12913034.0,3933.0,0.6223842592592592,burn,1.0,68.0,4.0,49.0,2.8601827159147215e+31,18.0,0.2647058823529412,1.0
0x284be03d6ca1129f853e13c1e7f52a6d262348aa,0x3c942ebc872ed6b598b8d2ea88a1d757d00088b2,medio,37,1,1,4,18,18,10787573.0,10787606.0,33.0,0.0038888888888888888,burn,1.0,77.0,9.0,32.0,1.661766522498299e+21,46.0,0.5974025974025974,0.5
0x452ca0a60004204f60d6bbd84662cffeabaaf2a7,0x30ee9a0d69bd2749520811b8d0052cc265373c65,medio,31,1,1,4,18,18,11177002.0,11177610.0,608.0,0.09405092592592593,burn,1.0,93.0,7.0,73.0,5.374901025959263e+22,20.0,0.21505376344086022,0.5
0x7e7435ed49e4c2acdb695750542117016d4f20b6,0x9245dfd515848eebcc1ebc1bca63646ec0d381e8,medio,59,1,1,4,18,18,12674916.0,12676483.0,1567.0,0.2551041666666667,sync,0.0,75.0,15.0,65.0,2.7528901046511236e+24,11.0,0.14666666666666667,0.5
0xa2f8c477e29be0d0637680bf2fef6a9ff36016f9,0xde4ef1b4826a1310d1a32ff35b94e3cb3e549667,medio,45,1,1,4,18,18,12667938.0,12669276.0,1338.0,0.206875,burn,1.0,47.0,11.0,38.0,3.83702018892516e+27,12.0,0.2553191489361702,0.5
0xd94139a9ec85b9c833a37920bdd171309869f1f2,0x0dd13e9ffe0f94a76da4e9bb37500d42ddcd3d5a,medio,29,1,1,4,18,18,12580219.0,12580797.0,578.0,0.08766203703703704,burn,1.0,32.0,4.0,16.0,2.437179614384059e+31,11.0,0.34375,0.5
0xc6419a358e5fd03b9e310fb07ab57519420c2c63,0x404b59c5f27be8f8a35fe8d7b135f34c2b70a9fa,medio,39,1,1,4,18,18,12310061.0,12319329.0,9268.0,1.4296180555555555,burn,1.0,46.0,8.0,40.0,1.4565733056410819e+28,9.0,0.1956521739130435,0.5
0x6a754438a64c23e1cd9753a1d5fa6eb739f92557,0x0af4b1d8726235e66c75f2467f02159c522355d8,medio,32,1,1,7,18,18,11340940.0,11371405.0,30465.0,4.687962962962963,burn,1.0,66.0,15.0,18.0,3365089407.0,50.0,0.7575757575757576,0.5
0x1b5b063a5014803b46b306fd385fd8ca93e94ed5,0xb49c3eb07d0af7ceb072162206db21c185baa0ee,medio,27,1,1,4,0,18,11852562.0,11854086.0,1524.0,0.23604166666666668,burn,1.0,71.0,10.0,27.0,163908892417.0,42.0,0.5915492957746479,0.5
0xb2cddd57c0736408338dc45bfdd26ff39c594739,0xc680615ffb8fdda0d14eb2116e33ac5164fd3e6e,medio,30,1,1,4,18,18,12593745.0,12597634.0,3889.0,0.5980671296296296,burn,1.0,33.0,4.0,31.0,2.0235748185757598e+28,5.0,0.15151515151515152,0.5
0x9c81381d38c754f22e5aa335af90c9882fb5fb1e,0xb567d00228133fb7fad263fddff5aa52963ca7fb,medio,31,2,1,7,18,18,10916433.0,11195662.0,279229.0,43.130439814814814,sync,0.0,34.0,10.0,20.0,1.2012503133263835e+30,15.0,0.4411764705882353,0.3333333333333333
0xffedea4f0ecbbf255880ca1d424b2f30f6da7afc,0x059a5005f6f966ab4ec86c80c5ae3338cd165c5e,medio,46,1,0,4,18,18,11154577.0,11154746.0,169.0,0.03033564814814815,sync,0.0,50.0,13.0,29.0,5.583724782318862e+24,20.0,0.4,0.0
0x7937fbc7b3620e26ba8725aaef4ee45d18774745,0x5e18e3a60c8470872c20aa9bdcf6ae73f8ee7ee9,medio,48,3,2,8,18,18,11622869.0,11649206.0,26337.0,4.029363425925926,sync,0.0,52.0,8.0,14.0,2.8235116529246216e+16,37.0,0.7115384615384616,0.5
0xebb179b2e66a6e6308e5998a539d646a0a98034e,0xcf547fdbe78e52dc9dae647f4c01ec269bba05c3,medio,44,1,1,4,18,18,12374413.0,12380049.0,5636.0,0.8599537037037037,burn,1.0,46.0,4.0,45.0,1.1311519307124253e+27,4.0,0.08695652173913043,0.5
0x54351679d2f7178d9c82d0439646b1b1fbeb5023,0x617b0e7d37b5cd55ad584c7e806a71c64ecc2a28,medio,68,1,2,6,18,18,12298886.0,12299011.0,125.0,0.01960648148148148,burn,1.0,77.0,26.0,39.0,2.770791959500154e+28,34.0,0.44155844155844154,1.0
0x57835c4df599f8346234f327e3f031682863b253,0x111111111cfacf48287ff59cc0c7b03629f1444f,medio,69,1,1,7,18,18,11805993.0,11831885.0,25892.0,3.980648148148148,sync,0.0,145.0,32.0,38.0,5.319956153807931e+23,104.0,0.7172413793103448,0.5
0x87e10a6149b43bb7465ac127f50951eef1f8b159,0x9f04e0cde25f0537224a899a243cba20a6db141e,medio,46,1,1,4,18,18,11399560.0,11409368.0,9808.0,1.516886574074074,burn,1.0,96.0,11.0,56.0,2.9050986979702183e+23,23.0,0.23958333333333334,0.5
0x096f7552af468101ea92990dba92a6d7e807e706,0x067498d7661739c8c0b54479a386f5b98b47d3a1,medio,58,1,1,4,18,18,12539833.0,12540170.0,337.0,0.05379629629629629,sync,0.0,62.0,11.0,43.0,2.455698993990318e+25,21.0,0.3387096774193548,0.5
0xbe889438b3e648e3ee5a06c6148a5ffa52c1eff3,0x6d1555d59388cd05814d3fecad03eaf702da53e8,medio,56,1,1,4,18,18,12722812.0,12723052.0,240.0,0.038344907407407404,burn,1.0,90.0,13.0,75.0,8.55919015770961e+31,18.0,0.2,0.5
0x986fbcf5b8163874176c291d0227c758f059b329,0xb4c155c62916d75d668abc2d8db2d7659d6614a5,medio,27,1,0,3,18,18,11682030.0,11682277.0,247.0,0.035798611111111114,sync,0.0,31.0,12.0,18.0,1.0000393199478681e+27,16.0,0.5161290322580645,0.0
0x1e9082d8cb7d98315742738cd9aea2a3371083c8,0x8c650cf16f31fa92944e299405d6c1e09f950d0c,medio,66,1,2,6,18,18,10714700.0,10717477.0,2777.0,0.42313657407407407,burn,1.0,69.0,9.0,9.0,1.8410299967523058e+24,62.0,0.8985507246376812,1.0
0x5a5de6bc9d25454d3b6863f335832296f364743c,0xdc35891e63e0fd2507f517f4ab0ebde403f76daf,medio,33,1,1,4,18,18,10780422.0,10781577.0,1155.0,0.18217592592592594,burn,1.0,38.0,11.0,28.0,1.8747409424500264e+25,10.0,0.2631578947368421,0.5
0x229bb2f1a788dad80b88b4492da801db1359ea84,0xdd9744cc5c72552c8282d25a816809a6dd12f2bc,medio,32,1,2,6,18,18,11196024.0,11207743.0,11719.0,1.7831018518518518,burn,1.0,36.0,5.0,22.0,2.9305724851957885e+24,14.0,0.3888888888888889,1.0
0x25b3d31cc5fc2429f07763861c536b645392bae0,0x01d5ca206cbb7a42dd227c9c554b24d3eba2190b,medio,49,1,1,4,0,18,11068427.0,11068545.0,118.0,0.018784722222222223,sync,0.0,52.0,17.0,31.0,29606.0,21.0,0.40384615384615385,0.5
0xba2e4a4e5fcd2b3b2e66b9ec765dc26310abcabb,0x2951f8372b88ee63fd84b032e48774537c27ccea,medio,79,1,1,7,18,18,11146446.0,11147990.0,1544.0,0.23521990740740742,sync,0.0,161.0,34.0,39.0,5.237301880214817e+21,120.0,0.7453416149068323,0.5
0x323f0cea750bd4c1bf91db8abc26941f6f5d3d1d,0x673bd4bd6b5a90347312c0a867bbce49db728b1f,medio,57,1,1,4,18,18,11514474.0,11521942.0,7468.0,1.1530902777777778,burn,1.0,87.0,12.0,36.0,8.557487143706003e+24,30.0,0.3448275862068966,0.5
0x4fd5870d747946ace3c9f5ba524857432bcba36e,0x0d6530b65e3a61ae1bebd02f54a34360aadf5f46,medio,47,1,1,4,18,18,12586509.0,12592155.0,5646.0,0.8732638888888888,burn,1.0,49.0,4.0,47.0,1.1012605221715311e+27,5.0,0.10204081632653061,0.5
0x82dfd57cee5a7f6cb0948a6cb8b16ed91971b997,0x82b03161e907e4657a0fcebcebf21234df23ed9d,medio,40,1,1,4,18,18,12545072.0,12545522.0,450.0,0.06753472222222222,burn,1.0,44.0,7.0,32.0,2.437402870360053e+23,11.0,0.25,0.5
0x96b37cfcbd505fe47217fa1d2a10bb2bcae2a79b,0xc7f6579e18f41c6507e86c211a505f5a2e98b8ad,medio,75,5,3,12,18,18,10222052.0,10234127.0,12075.0,1.8745949074074073,burn,1.0,79.0,20.0,28.0,3.075916429217635e+26,42.0,0.5316455696202531,0.5
0xc17d6288295a56bd818598fe2be2f7a99b2f2618,0xb00c522d66a0d5592502105716401c1fc9719a8a,medio,29,1,1,4,18,18,11436439.0,11436630.0,191.0,0.02939814814814815,burn,1.0,62.0,8.0,36.0,4.414490534113639e+25,18.0,0.2903225806451613,0.5
0xf34b9af4f9783bbc3e5786c96f92d67f17858608,0x8524072254d83f8854952828548f294aecd6095f,medio,36,1,1,4,18,18,10945414.0,10945453.0,39.0,0.006030092592592593,sync,0.0,38.0,12.0,25.0,4.492080220411452e+18,15.0,0.39473684210526316,0.5
0x0f9e595b5d81d2b4bfcf1a10b1b7df43728a2b46,0xf344490abd414dafa97f34c8ca501b0aa5bf8873,medio,59,7,3,14,18,18,11373606.0,12901061.0,1527455.0,235.7944212962963,burn,1.0,281.0,56.0,162.0,23119677246.0,50.0,0.17793594306049823,0.375
0xbe979d89b95857c32689210de342d80a4e6807a5,0x826eb69cfb247166c63f4fa737c365b0d7c274a6,medio,44,1,1,7,18,18,12660802.0,12756634.0,95832.0,14.940625,burn,1.0,48.0,17.0,18.0,3.435316670743706e+21,33.0,0.6875,0.5
0xd69b3b831bc085f27dddfc19afe608e65be4dde6,0x7ebbd485bf0e27433d6a98714de4a469f5b6daa5,medio,78,1,2,8,18,18,10748909.0,10750199.0,1290.0,0.19400462962962964,burn,1.0,110.0,18.0,88.0,7.103832318083127e+25,15.0,0.13636363636363635,1.0
0xb15f6a9d3107a06d2caa37553487e821966e09af,0x2894e3b3fa0265a6bd3524b10b9b33d189568e78,medio,81,1,1,4,18,18,12615950.0,12617846.0,1896.0,0.28435185185185186,burn,1.0,83.0,11.0,68.0,3.494449548397212e+27,15.0,0.18072289156626506,0.5
0x4196b51cde79d63bd71f8ff29125e61b9cbd8bcf,0x12c765e05146414fa948b9dcf934277247a59ef1,medio,36,1,2,12,18,18,11338155.0,11808089.0,469934.0,72.18258101851852,sync,0.0,223.0,10.0,193.0,3.0820239922501137e+24,28.0,0.12556053811659193,1.0
0xdadd08d7c2394537256e359cd3201eb77e018d87,0x8d5b5d6c218223a93f4ad113593d199045a0e8ad,medio,41,1,1,4,18,18,10897302.0,10899970.0,2668.0,0.40150462962962963,burn,1.0,201.0,6.0,120.0,2.2375813251648898e+21,9.0,0.04477611940298507,0.5
0x906c6f60d3bd14c43523da3ada9133fcc0564f91,0xf0ee83b9fdc0072806f8348699000700347ab356,medio,43,1,1,10,18,18,11245438.0,11250642.0,5204.0,0.7958101851851852,sync,0.0,60.0,8.0,22.0,2.0669558742906776e+23,26.0,0.43333333333333335,0.5
0x01269c7da76cb08b906cbb56862a0386c515a904,0x0dd0668377be6aca8361a80423b5532cb109e0ef,medio,55,1,1,4,18,18,11743123.0,11749364.0,6241.0,0.9625578703703703,burn,1.0,57.0,4.0,38.0,1.6905008165899015e+23,19.0,0.3333333333333333,0.5
0xd50f25ec055056f7521d8b23ed363e19060d98d8,0xf6f8a2c3d57e77f6d2b3bc27adf1d19ca4179163,medio,49,1,1,4,18,18,11210226.0,11211660.0,1434.0,0.21991898148148148,burn,1.0,115.0,41.0,63.0,2.5346357038991843e+24,43.0,0.3739130434782609,0.5
0xd218e24062aa7a67a6493de1b3e5572f0d9e7bfc,0xbaaef006a20e7b786c7c5f17e8ac9a17a0438a6c,medio,83,3,1,6,18,18,10943118.0,10949136.0,6018.0,0.9425347222222222,burn,1.0,97.0,15.0,42.0,365905305882.0,44.0,0.4536082474226804,0.25
0x1748d9178005d3142307c8a2a4e677ea027089e6,0x832f8716009bedea6eacf012e6dc8a7927c1bc9c,medio,90,3,3,10,18,18,12048561.0,12060962.0,12401.0,1.912824074074074,burn,1.0,94.0,4.0,78.0,4.075256320274994e+27,12.0,0.1276595744680851,0.75
0xc81fa4fa28700bd85c63ede5cf72abcb95ac55ba,0xd30411901f03a8b508118537344c74be0ff5e02d,medio,42,1,1,4,18,18,11052342.0,11053147.0,805.0,0.12355324074074074,burn,1.0,44.0,4.0,24.0,3.5044078510441186e+27,21.0,0.4772727272727273,0.5
0xf9e3613e14118b92b570889c9b4431d1178829ba,0xb9fce6dfe378c58e040047fed6fb4ec60a85e6cb,medio,66,1,1,4,18,18,11340093.0,11340509.0,416.0,0.06760416666666667,burn,1.0,256.0,13.0,200.0,1.5938029240623346e+24,29.0,0.11328125,0.5
0xe49ca6847766df8a81c7851ac493ab6ce2855905,0x5621b1a7c8157b74ba3e7778700ff0beeab65ab1,medio,38,1,1,4,18,18,12850236.0,12853931.0,3695.0,0.5759375,burn,1.0,40.0,6.0,35.0,3.8368558654167874e+27,7.0,0.175,0.5
0xd19e31d8393e83b48cc161489c09100664acb7d1,0xa106e97e590ebe4969969add097ae162fe9f13c8,medio,83,1,1,4,18,18,12904578.0,12913289.0,8711.0,1.3799652777777778,burn,1.0,85.0,15.0,73.0,3.7187430855406033e+27,15.0,0.17647058823529413,0.5
0xdadca44e24be7c8c24a03dc85bff9d7e50523b4c,0x0b94cd8499a950cfd31c04247c293f2f95093f9b,medio,73,1,1,4,18,18,11689546.0,11722759.0,33213.0,5.102303240740741,burn,1.0,80.0,8.0,68.0,1.3292744382795183e+26,15.0,0.1875,0.5
0x7369ee3d5bbd5a155bc5214360a03a319fb4540e,0x32ba720a38dcd3a9d4c04aa398f4d7e65a7547f5,medio,56,1,0,2,18,18,11824370.0,12337629.0,513259.0,79.02530092592593,sync,0.0,66.0,17.0,25.0,7.141047512791041e+27,38.0,0.5757575757575758,0.0
0x4dbe2bd7cb5dc7de8ac4953602c00f3369a95794,0xb2d589b90965a6399bfa5a1241e8bf599e791908,medio,39,2,1,5,18,18,11098188.0,11099683.0,1495.0,0.2262962962962963,burn,1.0,126.0,4.0,117.0,2.8261352026545513e+22,11.0,0.0873015873015873,0.3333333333333333
0xcf0450307be0e4eb7806dcc1da72d3c13f78049a,0x5e0e7db26759f58c1790c608364ef01482e95f31,medio,35,1,1,4,18,18,12447235.0,12815268.0,368033.0,57.17010416666667,sync,0.0,126.0,38.0,77.0,4.499052525564801e+26,43.0,0.3412698412698413,0.5
0xd2d4a514f9d77370ecf48828ec356a94a06fcbf4,0xc53f6c2ac35d30cc47ddf3c320874b21dfa38791,medio,65,14,6,27,18,18,10550191.0,12857900.0,2307709.0,355.7968402777778,sync,0.0,288.0,54.0,78.0,161517115767.0,85.0,0.2951388888888889,0.4
0x8379bea1737bd98f00e97bebb0a225381a39dcd0,0x8f34edea365750f354c8b4e45599c4cdda888a16,medio,33,1,1,4,18,18,12407168.0,12457974.0,50806.0,7.847928240740741,burn,1.0,37.0,15.0,23.0,1.2981305049347164e+30,17.0,0.4594594594594595,0.5
0x4885e9838b4f89a01cc764b5f8068a039e313600,0xab29085c58d030bdddaf393cc0bc4da173ec67d5,medio,36,1,1,4,18,18,12299325.0,12299357.0,32.0,0.005324074074074074,burn,1.0,39.0,11.0,27.0,3.0108788928342896e+32,15.0,0.38461538461538464,0.5
0xc5ed1aeecba30499e89a8eb5223da3118707a055,0xdddeb9c373ee34d280f205262c5a9ad6876e6eab,medio,27,1,1,4,18,18,11166305.0,11166323.0,18.0,0.003958333333333334,burn,1.0,57.0,14.0,17.0,3.092585202277967e+21,42.0,0.7368421052631579,0.5
0x4ae631d48016dedbd8663c20a3ca76c1f9181962,0xbe0775533b30f28118d250c83dd8b89f144d0b84,medio,36,1,1,4,0,18,11061605.0,11061776.0,171.0,0.02560185185185185,burn,1.0,39.0,14.0,18.0,2689764.0,21.0,0.5384615384615384,0.5
0xbbacb8da482cbf0e976717262c7dfdb59003cc25,0xe102700f1d6a95cb562016be59fc43e275d32912,medio,69,4,3,11,18,18,12065129.0,13029014.0,963885.0,149.51153935185187,sync,0.0,1447.0,153.0,197.0,2.7955695236078203e+21,903.0,0.6240497581202488,0.6
0xb0ba88acdd45843588372dd056c6395dfadff994,0x419d48ffc4cf75ecaf4f87322eecccc386a17c53,medio,74,2,0,3,18,18,11174978.0,12118890.0,943912.0,145.0617939814815,sync,0.0,119.0,29.0,32.0,4.8007690468411977e+24,64.0,0.5378151260504201,0.0
0x0301dc8777cdf3f436c763028e65602bd5599dfa,0x9529e8f1e3d83225109613c1dfd02b85be248efb,medio,44,1,0,4,18,18,,,,,,,,,,,,,0.0
0xd3695f29c876cb2e252820a91fad6160ed2654f0,0x259f812a19afb74622350a2ecd251202a50afa98,medio,31,1,1,4,18,18,13035424.0,13047728.0,12304.0,1.8930671296296295,burn,1.0,33.0,4.0,26.0,7.108613568263469e+24,9.0,0.2727272727272727,0.5
0xd7be6f217a03de24c182e11e4ec78c7781a56fd1,0x8c1bad96e0d048872cd4cc7577d4170b4516b594,medio,27,1,1,4,18,18,12403829.0,12404174.0,345.0,0.05106481481481481,burn,1.0,30.0,5.0,27.0,3.546872011477671e+27,6.0,0.2,0.5
0x5df37c80dc701e9576478827fcda8703433967f8,0x8cd581d08b5417994000ed31ad7f95c5fd80f4cf,medio,64,1,1,4,18,18,11180226.0,11181505.0,1279.0,0.18909722222222222,burn,1.0,74.0,5.0,43.0,3.624848205548084e+23,22.0,0.2972972972972973,0.5
0x7d2c6caf9daa5270d29e1a318da92e6c98146777,0x92daaba066d0bb9fa23d44a7d93b9dfc70d247c8,medio,34,1,1,4,18,18,12688484.0,12688682.0,198.0,0.03431712962962963,burn,1.0,36.0,7.0,22.0,2.2057012902553736e+33,16.0,0.4444444444444444,0.5
0xf4e12cc73035bfc2ca2f68d7c03fd982f3501efb,0x67478bcddb2566e630b3b037490653412b9167a2,medio,30,1,1,4,18,18,10270236.0,10274008.0,3772.0,0.5727546296296296,burn,1.0,106.0,27.0,75.0,2.728523664821261e+24,23.0,0.2169811320754717,0.5
0xe30b6b2c6e8a050ff99fd2aa30f0ec4bda4f9d42,0x01b9f7aca53edbf45b411a7a292b0c20227beac7,medio,30,1,1,4,18,18,10720883.0,10724573.0,3690.0,0.5666435185185185,burn,1.0,32.0,4.0,19.0,1.0358939829671378e+25,16.0,0.5,0.5
0x55939c4bcf6e60ba0f277a5236aab9b3b20ec697,0xd18a476d50917e4ac65189a546813d3b8f4efda3,medio,77,1,1,4,18,18,11257994.0,11258109.0,115.0,0.018055555555555554,sync,0.0,81.0,19.0,38.0,1.4709254211625418e+23,35.0,0.43209876543209874,0.5
0x7c285ce7a1cbe5c3791f026026eac886ff0ef6e0,0x6fcc8e4cdf3db513a3981b0421dc79d1845b6168,medio,35,1,0,4,18,18,12679665.0,12723811.0,44146.0,6.888020833333333,sync,0.0,38.0,6.0,24.0,2.142122881840878e+31,13.0,0.34210526315789475,0.0
0x4e186fe2e99879029e3ef848403a5bf40e87e29b,0x06a5d00f4d1303f22e189622dedea6ef77c5c65d,medio,38,1,1,4,8,18,11110677.0,11112884.0,2207.0,0.3430324074074074,burn,1.0,79.0,12.0,58.0,1220631102198.0,21.0,0.26582278481012656,0.5
0x3bce3238d925d2d99e7392aab2f9a6d664efb1e0,0x8f62949f13c98a165b304c85259bd80a674013d4,medio,30,1,1,4,18,18,12258429.0,12258480.0,51.0,0.008368055555555556,burn,1.0,65.0,13.0,23.0,2.9767930248671867e+29,44.0,0.676923076923077,0.5
0x7e06ec5d361d04036afcb3fc0aaee9ed54ca99a0,0x4a2b161fe6159eff682479c77e0e28ce50d258fd,medio,76,1,1,4,18,18,12750672.0,12750842.0,170.0,0.02755787037037037,sync,0.0,80.0,15.0,32.0,2.7195377799697054e+23,25.0,0.3125,0.5
0x6d4a613382b0956b7e8330c1f2e6181aa7cbf78b,0x080e3704f06c172ffd9a536604fc74f34e3a9724,medio,37,1,1,4,18,18,12937645.0,12997425.0,59780.0,9.318703703703704,sync,0.0,42.0,8.0,36.0,2.094852970405341e+26,8.0,0.19047619047619047,0.5
0x86a2e54409b1bca1cff4268664e0fd793799d871,0xb0e3dbe94b24a203dbc09a4855d2214111de9447,medio,38,1,1,4,18,18,13024941.0,13027809.0,2868.0,0.44277777777777777,burn,1.0,40.0,4.0,31.0,3.822463559083473e+30,12.0,0.3,0.5
0x1277a33fbe93e010c1edbb6ef1c3a3426210ef52,0xf1ca9cb74685755965c7458528a36934df52a3ef,medio,77,4,2,9,18,18,11844757.0,13215370.0,1370613.0,212.2398611111111,sync,0.0,327.0,169.0,129.0,1.3893790312587972e+25,93.0,0.28440366972477066,0.4
0x59545fea0b1d32e098ef7055b754f05658e344e0,0xd54835ab54d4e658f8155e423c11c0fad4d43ce8,medio,36,1,1,4,18,18,12169430.0,12177583.0,8153.0,1.2420023148148147,burn,1.0,38.0,4.0,31.0,3.2342915243274924e+25,9.0,0.23684210526315788,0.5
0x12ebb6aeb2f3398786e8aa556e867a545322aa10,0xed0e621f71852cfbce1182be3a00224077311b6c,medio,28,1,1,4,18,18,12761136.0,12761756.0,620.0,0.09405092592592593,burn,1.0,93.0,10.0,43.0,2.718827897564674e+33,14.0,0.15053763440860216,0.5
0xcc8fc47494fc01485720931a521478527078a65e,0x7b4d9e591c6324cbbb1355bc50a27892fd2af99c,medio,37,11,8,43,18,18,12907872.0,13007244.0,99372.0,15.554664351851851,sync,0.0,61.0,10.0,11.0,7.543925303000121e+19,37.0,0.6065573770491803,0.6666666666666666
0x1dbcb53065ad13ac4f40f6848abb28a63962bcdf,0x7dbe4885b9ad3ca0728c7ccbbb7a1819e9f400e1,medio,34,1,1,4,18,18,12448076.0,12452098.0,4022.0,0.6329050925925926,burn,1.0,45.0,14.0,30.0,4.06550227736041e+33,14.0,0.3111111111111111,0.5
0xd88515dd079ed7f074feb4111cbf6895a354cd9b,0x801eb76a005f8ca2f5c9dc840a1e637ed45e13dd,medio,42,1,1,4,18,18,12220089.0,12220154.0,65.0,0.010138888888888888,sync,0.0,44.0,14.0,30.0,2.8759990702041153e+24,16.0,0.36363636363636365,0.5
0x2ee222cc272fbafb85ae90902ef34d83280c4345,0x6824822886c5c7e09451249e700980fb4cac256f,medio,88,15,8,32,18,18,11983615.0,12343579.0,359964.0,55.46384259259259,sync,0.0,,,,,,,0.5
0xe76285d6ef7c969e02a8635a4128391d6b79ff72,0xba72230abd7f05c9fa803cd3f95b8e8536d0635f,medio,67,1,1,4,18,18,12649643.0,12651669.0,2026.0,0.30716435185185187,burn,1.0,71.0,14.0,57.0,3.8657700233083933e+27,14.0,0.19718309859154928,0.5
0x6e66f5551bc767c8de30d9598c87818c074ffa2f,0xed2a38dfcc4958109206410ed0f08488873974dc,medio,27,1,1,4,18,18,10997879.0,10998185.0,306.0,0.042951388888888886,sync,0.0,30.0,13.0,18.0,5.708374027756983e+22,15.0,0.5,0.5
0x8337e0489d82cc391da7edb3c7412bece09fb046,0x3f11c21a35e7b75d01db968633dab00c87383c43,medio,32,1,1,4,18,18,12741996.0,12742445.0,449.0,0.07165509259259259,burn,1.0,35.0,4.0,29.0,2.6621157068289237e+26,8.0,0.22857142857142856,0.5
0x72eabc4ab98c2f13bea84cc97dae157c77e19135,0x739299d13041912a0a8d1e035e708a8b7d2e36fc,medio,61,1,1,4,18,18,12601842.0,12608409.0,6567.0,1.0119097222222222,burn,1.0,65.0,5.0,54.0,1.0000042073439254e+39,12.0,0.18461538461538463,0.5
0x3dd9f24e81ddaaaea8d8298d7313733d7a33e049,0x059d44edd2c15fd0050feb8cc97b3e93e5837506,medio,33,2,0,3,8,18,12023446.0,13203769.0,1180323.0,182.9301851851852,sync,0.0,61.0,22.0,26.0,750177699479897.0,29.0,0.47540983606557374,0.0
0xb8df2c39c79bd3a14b4e862943b093f1e8183a76,0x982f1af31e1d835c9e84162c0c026278729205d1,medio,46,1,1,4,18,18,12732798.0,12733282.0,484.0,0.07490740740740741,burn,1.0,49.0,4.0,38.0,2.8089320333394197e+32,10.0,0.20408163265306123,0.5
0x4c3555c682915d5537ef235deb5a9f3dfa46d746,0xce677df0f78e471aacd102d6465fc53312617eb6,medio,77,1,1,4,18,18,12521790.0,12528053.0,6263.0,0.9792013888888889,burn,1.0,81.0,5.0,75.0,2.898924909701566e+33,7.0,0.08641975308641975,0.5
0xeee65150b8ac2cd3bf474e9b79db0c7d6915ff8c,0x0394635c930716a7a5c0da1da5ed8a0b12305cff,medio,64,5,4,14,18,18,11865596.0,12589495.0,723899.0,111.66479166666667,sync,0.0,857.0,118.0,630.0,8.625945730609711e+23,123.0,0.14352392065344224,0.6666666666666666
0xdc1651bf982ceec74d4e73e1e9e5f595493ff417,0x5241f6ab5c66fa0e1e05d42eb70fb5ca743068c8,medio,75,1,1,4,18,18,11124206.0,11124598.0,392.0,0.061782407407407404,burn,1.0,106.0,4.0,62.0,3.32205420691908e+23,27.0,0.25471698113207547,0.5
0x21dff71b7fe29c5aae0736065b080b01f894c26e,0x122f879f2a31747aed480c0395fbaaa1b4662ffe,medio,27,1,0,3,18,18,12763414.0,12786095.0,22681.0,3.535335648148148,sync,0.0,34.0,14.0,18.0,5.669865874866404e+31,18.0,0.5294117647058824,0.0
0xc17fda9ceb51ca0e6f984db103081e72b7fb4af3,0xd2d64d3758928a09448d6a865b8bd5f325777876,medio,27,1,1,4,18,18,11403959.0,11406232.0,2273.0,0.3515162037037037,burn,1.0,29.0,7.0,11.0,6.499414334187378e+24,21.0,0.7241379310344828,0.5
0x61ad7dc55b0ca72a2821839aa84326a8ca283b44,0x33fc16d986732326259d00e28a08b1d43758f29d,medio,55,1,1,7,18,18,11191543.0,12833433.0,1641890.0,253.1591087962963,sync,0.0,64.0,4.0,51.0,2.2065861192060187e+22,14.0,0.21875,0.5
0x7bfc09e5b8a09e1d7ff9d54963f6eecd0197b24d,0xa14fd4159c6a56b3895ec9d054d0eb4e45a50d55,medio,35,4,3,11,18,18,10575938.0,10588219.0,12281.0,1.9063425925925925,burn,1.0,44.0,12.0,15.0,9.834684697540864e+25,25.0,0.5681818181818182,0.6
0x94f2be8482214733c67640a471e3ad322d136295,0x802c6bf533cabba3079fdb9c7cbaca488fbe5d36,medio,69,2,1,5,18,18,11255935.0,11256261.0,326.0,0.05212962962962963,mint,0.0,80.0,15.0,18.0,2.514938847590819e+23,56.0,0.7,0.3333333333333333
0x6297ba60f561adac15efbbaeaa29df9045b6993e,0x947b3176ac66afdcc78da72cfeb41cc636b15524,medio,36,1,1,4,18,18,12664908.0,12665377.0,469.0,0.07449074074074075,burn,1.0,38.0,9.0,30.0,2.1205665440363024e+33,11.0,0.2894736842105263,0.5
0x5176f453f207487dc4effafe784cbbfda1346676,0xaa34191da1b8a20b4a96204c6744e8a2a82c416f,medio,32,2,1,7,18,18,12572492.0,12582357.0,9865.0,1.531400462962963,sync,0.0,41.0,4.0,13.0,3.3826908199563156e+31,31.0,0.7560975609756098,0.3333333333333333
0x9bc7f6446be7b213a5d7b84151f3331e1a373c2a,0xb77b2a2e2513e1c84d85b4b2006a6bdad9c9dfb4,medio,87,8,3,15,18,18,11257777.0,11702233.0,444456.0,68.21898148148148,sync,0.0,236.0,32.0,96.0,9.376492074506178e+23,72.0,0.3050847457627119,0.3333333333333333
0xef3cef0a3e623f0697af7de9d7c2692f5d837767,0x2af2ef48e351e13acfe7ddbfaeb17e6702e66b49,medio,30,2,2,7,18,18,10569043.0,10569287.0,244.0,0.040740740740740744,burn,1.0,34.0,10.0,22.0,9.927963725328074e+25,11.0,0.3235294117647059,0.6666666666666666
0x5262a0278d7d124ac17f50ab12373562290af599,0x6170a7c975fa86ba459399b377e678875560178a,medio,29,1,1,4,18,18,11379822.0,11380497.0,675.0,0.09697916666666667,burn,1.0,31.0,7.0,23.0,1.752753102563335e+23,11.0,0.3548387096774194,0.5
0x83d1eab9c1b34dfb6c31c8ae57f7fa4f60852f9e,0x20f460ab4891e4c8a3fb396312c41a2ce24d6dca,medio,27,1,1,4,18,18,10963352.0,10964181.0,829.0,0.12677083333333333,burn,1.0,29.0,4.0,26.0,2.144524888022245e+23,6.0,0.20689655172413793,0.5
0xa45f9458b82cfef71dad252a88bcd909f1551b52,0x2c15b2b5336dda8b44f245772e10c2bcbc0a8ae2,medio,27,2,0,3,18,18,10713828.0,12754477.0,2040649.0,314.4017361111111,sync,0.0,123.0,9.0,91.0,1.3394392704733994e+26,26.0,0.21138211382113822,0.0
0x0e99d1e99a3bceeceb78968d42d482dcd672785e,0x4304bcf01cc42502916263610dda645fab918ee8,medio,32,1,1,4,18,18,11612816.0,11620346.0,7530.0,1.153761574074074,burn,1.0,133.0,10.0,108.0,2.7537821376901194e+22,17.0,0.12781954887218044,0.5
0x9fe56e86557b34a2301f0b70576d608a3def4f5d,0xc79732dda9bb015f45465761ac39d100d573c095,medio,38,1,1,4,18,18,11352587.0,11353887.0,1300.0,0.19628472222222224,burn,1.0,40.0,7.0,30.0,1.835626106119105e+23,13.0,0.325,0.5
0x0eb7b24789c94bde467581aa024e52bcee35e650,0xd5d29e45149bebf447d35897027fcb3908980c2e,medio,33,1,1,4,18,18,12507084.0,12539352.0,32268.0,5.0062037037037035,burn,1.0,36.0,4.0,34.0,2.037172041017695e+26,5.0,0.1388888888888889,0.5
0x0af5407dee742439cb613d2f6919f173f1c32d80,0x0f17377bb5d67bbf1a88413ccbea3cdc847caad4,medio,60,1,1,4,18,18,11010841.0,11161241.0,150400.0,23.117083333333333,burn,1.0,62.0,19.0,22.0,2.2712143564719847e+24,41.0,0.6612903225806451,0.5
0x8ecfde2ffb7a7f5036f75f5b6458f90c8e2611a1,0x28f1770db2e7674395d16451e93f40d2a6aad2c3,medio,47,1,1,4,18,18,11406125.0,11410430.0,4305.0,0.6699074074074074,burn,1.0,94.0,8.0,51.0,3.997976172365471e+25,27.0,0.2872340425531915,0.5
0x7936b04e225833b344e81bcfeb5de7fa59bd6b70,0x7f97fbdc47cc5b5a3666a2e9143a36e46991af27,medio,35,1,1,4,18,18,11854043.0,11899852.0,45809.0,7.0558101851851855,burn,1.0,38.0,4.0,37.0,4.888483685774252e+25,4.0,0.10526315789473684,0.5
0x4f6538bc478b46fb4ee8e99a52d1bd04502d7490,0xac5bf342763248702f4fbd6dc068381a609543a2,medio,61,11,0,20,18,18,12547769.0,13185812.0,638043.0,99.22614583333333,sync,0.0,110.0,30.0,48.0,1.2941200123517966e+30,47.0,0.42727272727272725,0.0
0x04daa28a29ec6d08bfb5ea4449839a83af367e2f,0xd552d0868317d91cc76aff307c2c07b238a09f73,medio,83,1,2,6,18,18,11944689.0,12176152.0,231463.0,35.63653935185185,sync,0.0,93.0,18.0,31.0,3.581556284138953e+24,52.0,0.5591397849462365,1.0
0x9aa34268947853387bca39e8346d539a91ce672e,0xb455706f9a15ad2f2c07df98bfabd2522a07438b,medio,41,1,2,6,18,18,10818872.0,10828888.0,10016.0,1.5359953703703704,burn,1.0,52.0,21.0,28.0,2.095870926392463e+22,25.0,0.4807692307692308,1.0
0x9432cd421a09b7550f7ce14e6f5849920042df7c,0x006e75c5afc39921b650b7f360e3e70c5429086f,medio,27,1,2,6,18,18,12078575.0,12186112.0,107537.0,16.548703703703705,burn,1.0,36.0,8.0,30.0,4.307878996294248e+26,9.0,0.25,1.0
0xe206ed339d64a5203d85720cb79f467df2edc2c7,0xb88aef419b7acfae7dae23cde0432285fb0b726f,medio,75,2,2,7,18,18,11273954.0,11277101.0,3147.0,0.477650462962963,burn,1.0,254.0,20.0,148.0,1.4610455636502295e+26,20.0,0.07874015748031496,0.6666666666666666
0xf487e9db2767e8ec1bb30a7094b7a9a0685d61ab,0x248de3a18740b167a8efb80f7d165f33a339667c,medio,31,1,1,6,18,18,13128490.0,13151706.0,23216.0,3.592048611111111,sync,0.0,34.0,9.0,25.0,2.2734661913435427e+29,11.0,0.3235294117647059,0.5
0xd9d48b55ef2f73f08e547252e18e540b0ef95498,0x30668a4baa26f618dc70fa2835b6e3b347ef9a0f,medio,68,15,2,20,18,18,11329364.0,13003115.0,1673751.0,258.59928240740743,sync,0.0,142.0,53.0,78.0,1.935967271201878e+23,60.0,0.4225352112676056,0.125
0x4c1da0095e46bf50879b6a4bc5508c64a1c5fa18,0x012b19ba5f7c3a306858c1c0209524c051901ed7,medio,30,1,1,7,18,18,12504361.0,12511338.0,6977.0,1.0828819444444444,sync,0.0,38.0,15.0,18.0,3.311401511235263e+30,22.0,0.5789473684210527,0.5
0x7d147b4c3875865f97d2647a1f4e973938a7e6bf,0x2d0917480d7b52d15228ceddf42944743f1c5a73,medio,57,1,1,4,18,18,10619531.0,13178804.0,2559273.0,394.97400462962963,burn,1.0,59.0,7.0,6.0,1.6720891812526922e+25,56.0,0.9491525423728814,0.5
0x3706e949f648de588d474b34481b426ab6bc6a1a,0xec5d722a4ac3146ce13974ade4084c49fc41499a,medio,54,1,0,4,18,18,12299509.0,12384554.0,85045.0,13.12888888888889,sync,0.0,61.0,7.0,52.0,1.0000000000435483e+42,8.0,0.13114754098360656,0.0
0xabf3b15ee025ed1485e2062d42db08e2e93491ad,0xb33d04a04c035ac64a4da3658df6cc1a3519b51f,medio,35,1,1,4,18,18,12703328.0,12703539.0,211.0,0.03383101851851852,burn,1.0,38.0,7.0,27.0,2.3643546943327426e+33,10.0,0.2631578947368421,0.5
0x9cfcf7d447398bf131105a97bd41cde548471182,0x2e5107f86d053e1eab32ba26521da60f58615c35,medio,39,1,1,4,18,18,10971042.0,10971972.0,930.0,0.13306712962962963,burn,1.0,41.0,5.0,24.0,2.2619432217473344e+24,19.0,0.4634146341463415,0.5
0x3723f96e868d60551435f91d5daa4cb69623a346,0x11f39d29d67f281d659085c6935dfc9e338baa93,medio,81,1,0,4,18,18,11486220.0,12668244.0,1182024.0,182.14114583333333,sync,0.0,84.0,18.0,52.0,2.8249483673711357e+17,27.0,0.32142857142857145,0.0
0x277838c7feb55545adda3c73ae5929bc829760a6,0x49a4add60f44a127d10ac65f1447d3e3e20ecdfd,medio,27,1,0,3,18,18,12554807.0,12874793.0,319986.0,49.826701388888885,sync,0.0,33.0,9.0,17.0,3.160365580115387e+26,16.0,0.48484848484848486,0.0
0x0625617e33e1c237c4f3c8984cfd85c7974a89a0,0xb48cd9823fe43e19cee867c9b331376122556762,medio,34,1,1,4,18,18,10871335.0,10871789.0,454.0,0.07048611111111111,burn,1.0,36.0,15.0,21.0,2.4421298897722e+21,16.0,0.4444444444444444,0.5
0x9ccc71615ec9181a94694be229052b3761437fd5,0x52502535375d32bb3581283acb7ed19507f16dd1,medio,58,1,1,4,18,18,11683665.0,11722746.0,39081.0,5.997025462962963,burn,1.0,67.0,12.0,52.0,2.3678909080512566e+25,18.0,0.26865671641791045,0.5
0x0f6c1180738a0806c8f42c74cc698857d709ce9e,0xa04b6ada7d903e6ea95de0875fc7a0d330e7297b,medio,72,1,1,4,18,18,11066726.0,11067044.0,318.0,0.043229166666666666,burn,1.0,74.0,4.0,50.0,3.8424340684788393e+24,27.0,0.36486486486486486,0.5
0x21689610d8dc4b461b306614f9188b78a506559f,0x8146ca745cf0f96f92d951d3e1fd60c8f8ce85ca,medio,38,1,1,4,18,18,11158772.0,11159062.0,290.0,0.04321759259259259,burn,1.0,121.0,6.0,95.0,4.905028672373403e+23,18.0,0.1487603305785124,0.5
0x57a06fc32332a5f8f126b196914e3e4a6eecc7f0,0x7d7b9106c4f862fa904d4593660ccbba6129a921,medio,54,1,1,4,18,18,11166188.0,11166663.0,475.0,0.07616898148148148,burn,1.0,71.0,22.0,28.0,4.324324705109994e+21,39.0,0.5492957746478874,0.5
0xae07e86bee1767e916d3ec3a2721edfb40559182,0xd81105c6f4af7fc090adcb07abf5bd1c8a72d11b,medio,57,1,1,4,18,18,12429111.0,12429293.0,182.0,0.028090277777777777,burn,1.0,62.0,20.0,34.0,2.633964055164716e+21,24.0,0.3870967741935484,0.5
0xe11974ba64ae037671914b4661440c614522046f,0x169f74ab056527caa77d09d27ac54b58afffe2ba,medio,63,1,1,4,18,18,12544720.0,12549931.0,5211.0,0.8115740740740741,burn,1.0,70.0,4.0,55.0,1.6511832061864818e+27,9.0,0.12857142857142856,0.5
0xd9f047c14094b8e0a5bf800f62714a7e3631f17d,0x73fce158aa84d2584096d23d4eb5721c5b08781d,medio,41,1,1,4,18,18,10699371.0,10699408.0,37.0,0.00636574074074074,burn,1.0,61.0,16.0,45.0,6.453964104120478e+24,18.0,0.29508196721311475,0.5
0x52309f5aa8114ca94f0b0819333a526114e834ea,0xeb746ca6514902aca21e7cc269f40588b2acca43,medio,30,1,0,4,18,18,12572577.0,12586269.0,13692.0,2.1188541666666665,sync,0.0,40.0,3.0,4.0,2.000084002e+33,39.0,0.975,0.0
0x99a5523d14eb63be4030d391ebf0ebe14d6c3c92,0x8af1ed18af94cbc846991731702111afbf904b45,medio,41,1,1,4,18,18,10609712.0,10610165.0,453.0,0.06913194444444444,burn,1.0,46.0,7.0,31.0,1.11226522538979e+26,12.0,0.2608695652173913,0.5
0x5e5997d6207310f245209bef4d614a47cf640ebd,0xa3b271e3d3db2b4a1b11076e5ae7ef2dab9b6b95,medio,34,1,1,4,18,18,12945623.0,12948224.0,2601.0,0.4067013888888889,burn,1.0,36.0,4.0,26.0,3.0429374610679667e+30,13.0,0.3611111111111111,0.5
0x4948ecf0be386857c344aa9e3acaf813c51a1810,0xe3516173b92627071f0e69000be1df83590e2293,medio,30,1,0,3,18,18,12772089.0,12786728.0,14639.0,2.2897800925925926,sync,0.0,36.0,7.0,29.0,3.8512580210669806e+33,10.0,0.2777777777777778,0.0
0x85fc1bd5cbeb73b84f2af807a317072945ad644c,0x8f8c3ac36d9673143c15495437636a2b582d9d2f,medio,43,1,1,4,18,18,11236489.0,11244024.0,7535.0,1.160810185185185,burn,1.0,142.0,17.0,108.0,4.923574870111307e+23,22.0,0.15492957746478872,0.5
0x3b07c6d297834b3a873c7263b41b8b14e6b15333,0x05074b439211739bd952e1092127f17afd0de204,medio,29,1,2,6,18,18,10828456.0,10968123.0,139667.0,21.530983796296297,sync,0.0,223.0,47.0,65.0,9.81740132007695e+22,80.0,0.35874439461883406,1.0
0x727eac80976944a50b7ba35629dfcb013b3e9748,0xf439fd3b69d80c8ae374678db6b5b8040dc7e927,medio,85,2,1,5,18,8,10640535.0,11141977.0,501442.0,77.22759259259259,sync,0.0,159.0,32.0,72.0,3.705962504530396e+16,50.0,0.31446540880503143,0.3333333333333333
0xaea03178fcc75f1b7b645de15280f8ac03887cbd,0x012d1a747904c04a2a09f1438be7ff35ef3b19c6,medio,27,1,1,7,7,18,11130750.0,11131062.0,312.0,0.04583333333333333,burn,1.0,28.0,4.0,24.0,448209069796703.0,7.0,0.25,0.5
0x3fcb45717acfa8815346d609822aab32f76ed953,0x00fc270c9cc13e878ab5363d00354bebf6f05c15,medio,88,1,0,2,18,18,10886371.0,12723685.0,1837314.0,283.1496412037037,sync,0.0,310.0,66.0,88.0,3.447398919249953e+25,103.0,0.33225806451612905,0.0
0x5fda8469c9a01949f9e7fc99123faecef27d419c,0x5a3bfdc8fd6fb8b7cfa464bc285460c9af403296,medio,48,1,1,4,18,18,11042488.0,11045254.0,2766.0,0.42290509259259257,burn,1.0,65.0,7.0,39.0,1.9036823619441427e+24,18.0,0.27692307692307694,0.5
0xd708248cc21599905c5bd54e6ba0faefa9f57303,0x0ad59249757f636a9e01d1eeba02fda3ad30324e,medio,27,1,1,4,18,18,12548004.0,12658400.0,110396.0,17.087453703703705,sync,0.0,33.0,7.0,21.0,2.0415619051496264e+33,10.0,0.30303030303030304,0.5
0x9d81e765dd63c2500b3d4f65d6b0114db9ba678b,0xee31176740a6e08ad21fe08baa41825caf3f2eb0,medio,30,2,0,4,18,18,13023361.0,13047138.0,23777.0,3.6581712962962962,mint,0.0,36.0,8.0,25.0,1.0202291785626423e+21,13.0,0.3611111111111111,0.0
0xd29afd35d46ba003719da051004cc9ce81e0f879,0xf75f2fa82a75c2c887947caae459ef530d0d6528,medio,60,1,1,4,18,18,12456607.0,12460157.0,3550.0,0.545,burn,1.0,65.0,19.0,46.0,3.0011907040895885e+33,19.0,0.2923076923076923,0.5
0x55da27c1ed4c6bb9c13874647767ff68dc9ecbf3,0x19cc01205453020455f6e068632daf9d7790ca61,medio,57,1,0,4,18,18,,,,,,,,,,,,,0.0
0xac053912a869ea8964c502205b82d740dcb90b23,0x3fbf5b3241e3298369bd610d29a2540b626e60ec,medio,37,1,1,4,18,18,11643467.0,11643600.0,133.0,0.02241898148148148,burn,1.0,43.0,8.0,19.0,3.641433077548916e+22,15.0,0.3488372093023256,0.5
0x6c57d2a1de03d23ad8985a40b69fbe17c6d791d6,0x6a217345aec9f9e64928793716dbef15b8ffe90d,medio,72,3,2,8,18,18,11079740.0,13027932.0,1948192.0,300.7366435185185,sync,0.0,2715.0,336.0,352.0,9898906533137508.0,784.0,0.2887661141804788,0.5
0x4b9f90c059f9f2ddcd49d4caa41399673c11bd13,0x8524afc228800a8816671bc9ec156a3a9c369a35,medio,92,1,1,4,18,18,13218308.0,13218484.0,176.0,0.02409722222222222,sync,0.0,96.0,3.0,37.0,2.0871917077390794e+18,22.0,0.22916666666666666,0.5
0x2b6fa72383accc866be134acf39f06d8fce9b2ca,0xa1bfd5b6aafea007e5103c4a10996dd2b7a08a23,medio,32,1,1,4,0,18,12123465.0,12125468.0,2003.0,0.3080671296296296,burn,1.0,33.0,14.0,21.0,3393849294.0,15.0,0.45454545454545453,0.5
0x4a1a5a4710f0a39bee069950d14d2bd54217d80d,0xb7d884e5c0f471b92a6430c3fec437469eda65e3,medio,54,6,5,17,18,18,11148459.0,11190748.0,42289.0,6.506377314814815,burn,1.0,299.0,26.0,147.0,2.1507991359442134e+29,51.0,0.1705685618729097,0.7142857142857143
0xe49e3a9d1f30e109e0d7ca051b72618f7008ee6d,0xc70bbc82bf7dee65359c230dce3ff07c562c0268,medio,42,1,1,4,18,18,12762574.0,12762863.0,289.0,0.04710648148148148,burn,1.0,45.0,8.0,35.0,2.3809140248690644e+33,11.0,0.24444444444444444,0.5
0xa281796d27a9337de76311bbeee4dc7e7d530072,0x750fb941979fe08d7f6240dbdb6e1dc860ee1c96,medio,29,1,1,4,18,18,12855407.0,12859274.0,3867.0,0.6075,burn,1.0,32.0,4.0,26.0,2.7838127996808593e+23,6.0,0.1875,0.5
0x897e447e8ea44e27ceea5739adea802cb22fa3b9,0x1b340f570198646c6bdc3ff9fe31cf08effbef39,medio,46,1,1,4,18,18,13059951.0,13060232.0,281.0,0.0419212962962963,burn,1.0,49.0,9.0,41.0,4.534399370659671e+24,9.0,0.1836734693877551,0.5
0x7a2c17fa15647dead33beb105d90cfa565708aac,0x6d3a5b3b4503cd4400041eea0e13e1eaa58dbcad,medio,39,1,0,2,18,18,12920008.0,12920778.0,770.0,0.12378472222222223,sync,0.0,44.0,9.0,27.0,1e+49,14.0,0.3181818181818182,0.0
0x2e2f29feeb4d8f99bbf189b17d4fc0f13897c8f4,0xa44c6807e373eddbcee7b5955e2e33f2fe50720a,medio,71,1,1,4,18,18,12967896.0,12970816.0,2920.0,0.44939814814814816,burn,1.0,73.0,9.0,49.0,4.3698803505064595e+30,17.0,0.2328767123287671,0.5
0x6dc79620ae9ff95f505419d54fe2ad0a9ea24749,0x00d78e74c866b2056ba17afbbb175f76e06db3a7,medio,48,1,1,4,18,18,12359633.0,12361623.0,1990.0,0.3025231481481481,burn,1.0,50.0,4.0,44.0,5.659422934351187e+30,6.0,0.12,0.5
0x63ff582264aa89a1f870564985c0c871979a898e,0x2730d6fdc86c95a74253beffaa8306b40fedecbb,medio,32,2,1,5,18,18,11199036.0,13102370.0,1903334.0,293.9283449074074,sync,0.0,682.0,162.0,226.0,2.16973118146616e+16,141.0,0.20674486803519063,0.3333333333333333
0xb76df59f5ca77580266763eae2ff434cd21c21d6,0x1e0cd9506d465937e9d6754e76cd389a8bd90fbf,medio,44,4,3,11,18,18,11871705.0,12954816.0,1083111.0,167.785,sync,0.0,62.0,17.0,21.0,1.9818117733035378e+21,37.0,0.5967741935483871,0.6
0x1ac646ca243441d66ae33f97d68fbf15fe64e960,0xd4a80224350528b7c0ae8c325a0b5778d92fd86e,medio,38,8,4,17,18,18,11264517.0,12499499.0,1234982.0,190.0591087962963,sync,0.0,518.0,12.0,404.0,1.3268424332121515e+24,36.0,0.0694980694980695,0.4444444444444444
0x7f570ca6b9baafd6697632080ef6abac0aea0289,0x4187a41b8437cfec54813c2e956b9a4715865353,medio,83,2,1,7,18,18,11458739.0,11486714.0,27975.0,4.298263888888889,sync,0.0,107.0,28.0,41.0,9.759428474259848e+23,50.0,0.4672897196261682,0.3333333333333333
0x4d2dfd01184f5355e79bc43fe9a360be8023fdd7,0xe3e01a564f0b6419cb2e8e8107eb8d6e5cea6e57,medio,32,1,1,4,18,18,12286606.0,12286654.0,48.0,0.00681712962962963,burn,1.0,34.0,12.0,19.0,4.346874124312311e+21,17.0,0.5,0.5
0xf82f9d9b2418c6bd1dafd05e55feb96470e77176,0xd48c255c36aa12361dadda3dd1f7b8ed228a798f,medio,29,1,1,4,18,18,11476497.0,11483572.0,7075.0,1.0934722222222222,burn,1.0,103.0,9.0,80.0,2.0585005380948437e+26,17.0,0.1650485436893204,0.5
0xa6f97e5f391f8b8d53f485c8e99e806a67e477c6,0xb93c3817b4bb9a7c3e87bf606341e100a06c31e5,medio,33,1,1,7,18,18,11239522.0,11259894.0,20372.0,3.118634259259259,burn,1.0,35.0,19.0,19.0,6.88062740867852e+24,19.0,0.5428571428571428,0.5
0x98e0f5bf9b3181ed74b9d2458decc25afcd94050,0x777ad2358ba4a61dd74a1010116a7bc1ffaa81dc,medio,63,6,4,20,8,18,10612685.0,12621853.0,2009168.0,309.3415509259259,sync,0.0,83.0,16.0,29.0,1.9999999999999e+36,34.0,0.40963855421686746,0.5714285714285714
0xe23c4afd88ba5c0a304fd5ea6231f942768a2110,0xce8ba1e4216a68f0acffd0364e16115ed1046877,medio,51,1,1,4,18,18,11045243.0,11051091.0,5848.0,0.8975925925925926,burn,1.0,54.0,7.0,41.0,2.0698682766411725e+26,14.0,0.25925925925925924,0.5
0x517d8b0de4e220c4149060788ed51156414b15b1,0x4f98fe0dbb2812101a8c8eb18333b24fc3eca77c,medio,79,3,4,12,18,18,12311145.0,12317460.0,6315.0,0.9727314814814815,burn,1.0,93.0,30.0,45.0,1.9936427510850277e+26,43.0,0.46236559139784944,1.0
0xd0d9c671d37135058875214f86817bd56dd969ec,0x9e984f28257ae9c57918515627b078deab4e11fe,medio,61,5,1,8,8,18,11426763.0,12760755.0,1333992.0,205.7141550925926,sync,0.0,679.0,215.0,224.0,3.3974525664881594e+17,144.0,0.21207658321060383,0.16666666666666666
0x7dfeae0a7ba4909a0072f29cef51069b843f78fb,0xf49e9e77979e25b4c04c3b1a506fb44baf30c6c3,medio,30,2,4,11,18,18,11182646.0,11401228.0,218582.0,33.557430555555555,burn,1.0,87.0,19.0,37.0,2.102920329105866e+25,26.0,0.2988505747126437,1.3333333333333333
0xa2d3eb4873bb005a427d97b5f00afbf12c042d89,0xf75b25f6f9a779ed51220ac94e35cddc41e83eb0,medio,33,2,2,7,18,18,10765980.0,10772761.0,6781.0,1.0278703703703704,burn,1.0,38.0,14.0,23.0,4.0817567170607006e+23,17.0,0.4473684210526316,0.6666666666666666
0x12baec48d5c0f90c73ddeb7ddd0924afe308c693,0xa570b912baf6107c481c39ba4c95f45f9ef6a677,medio,39,1,1,6,18,18,13207127.0,13209619.0,2492.0,0.38244212962962965,sync,0.0,38.0,12.0,17.0,1.9236344737301384e+21,24.0,0.631578947368421,0.5
0x701711dd77636b0248dc7a12ae6533643888907d,0x2d1e116164f4932d5c52d17bfb02cbd57722ab50,medio,43,1,1,6,18,18,,,,,,,,,,,,,0.5
0xd33fefb38eff5ce2139591d5157dfc348391672d,0x468c0a6dcb568d2ed1f4addeff3e6a459a615caf,medio,34,1,1,4,18,18,11270732.0,11270948.0,216.0,0.03229166666666667,burn,1.0,36.0,9.0,28.0,1.1155299263062395e+25,11.0,0.3055555555555556,0.5
0xb07e3bfb03a2ef9983ac56e3f4c8ba2a22278640,0x4bbdbd42295946f7ab1d1ef54540d586276ebfc0,medio,41,1,1,4,18,18,12668168.0,12669279.0,1111.0,0.1741550925925926,burn,1.0,43.0,10.0,36.0,3.88294764922637e+27,10.0,0.23255813953488372,0.5
0xa88c7fd605560cc7261ea42b2c0068edecbaa1db,0xf2eb257431ac8b41df231b7e5afdf64cfedd4106,medio,57,1,1,4,18,18,12654675.0,12662759.0,8084.0,1.2590972222222223,sync,0.0,58.0,3.0,52.0,2.7427985779548992e+32,6.0,0.10344827586206896,0.5
0xa2cdcced09b7efbe2123d74c51f829a160203362,0x7eb8bca5f3b5b1bde89c14dcf37700d5ba189efa,medio,60,1,1,4,18,18,12266237.0,12266469.0,232.0,0.03702546296296296,burn,1.0,63.0,18.0,43.0,3.133787308936897e+28,19.0,0.30158730158730157,0.5
0xf15760028da346c20e9f7bf4036145821c35ca69,0x493d665b58e5dafa64209e7627f8de33acc24317,medio,28,1,1,4,18,18,11155188.0,11158921.0,3733.0,0.5799305555555555,sync,0.0,30.0,9.0,21.0,2.9983288080058315e+26,10.0,0.3333333333333333,0.5
0xbc75dd5d2e939c1bd1f8368f0c3cb130dc6bbd37,0x1e3686b8c41a37041036379cd068984f840e27d7,medio,81,1,1,4,18,18,12163661.0,12170462.0,6801.0,1.0409722222222222,burn,1.0,84.0,5.0,60.0,1.5479124013225664e+25,18.0,0.21428571428571427,0.5
0x0cb6f51cf223a5b52ec5bf5579e99a4eda1a10bf,0xac0c74ef58d01cd06e4b05abcc07575d6b4be8e3,medio,27,1,0,3,18,18,12708745.0,12709955.0,1210.0,0.18986111111111112,sync,0.0,28.0,9.0,18.0,1.0027084595349704e+26,12.0,0.42857142857142855,0.0
0xe4a6a2e7503917127385875fd873c528fc07bbcd,0x83d6a2171f78e8ffe4dfe7680983effc49cff7a0,medio,30,1,0,2,18,18,10989002.0,11879322.0,890320.0,136.82655092592591,sync,0.0,1843.0,413.0,544.0,18688648475880.0,769.0,0.4172544763971785,0.0
0xcb589a7b9c0f07665f3d8b0bb59302c91ba6c8ca,0xc5c662cc0c11f8ee1b3c2edbb634802b514c463f,medio,32,2,2,7,18,18,12086831.0,12105964.0,19133.0,2.9457060185185187,burn,1.0,36.0,4.0,31.0,1.155031866038755e+26,7.0,0.19444444444444445,0.6666666666666666
0x26aff6749a51d8dbf8af1462782618069bbacc10,0xe7fb24deed5f77c82d531f3a62209743331b87d3,medio,40,1,1,4,18,18,11286665.0,11313137.0,26472.0,4.0555208333333335,burn,1.0,50.0,9.0,29.0,1.0525364576017143e+26,22.0,0.44,0.5
0xa0562a44e497891575c0b2916267dde2e784bb9d,0x77d1a459fb2e4535e17839da39daa303c29ea850,medio,39,1,1,4,18,18,11272689.0,11275598.0,2909.0,0.44372685185185184,burn,1.0,81.0,10.0,46.0,6.793684407120118e+24,16.0,0.19753086419753085,0.5
0xa026d2c69da1bdb419071c8aa71ecf4b9ce96221,0x9484e299bea3ad6888b861b706739de6c8154d40,medio,60,1,1,4,18,18,11121029.0,11121085.0,56.0,0.008368055555555556,sync,0.0,115.0,17.0,41.0,3.8679809033604085e+20,69.0,0.6,0.5
0x35208455245f80b0fe250827d0fc41647036c385,0xbb734ec3f4f0e68a7aac5e55238328768723be7e,medio,41,1,1,4,18,18,12829425.0,12830185.0,760.0,0.11487268518518519,burn,1.0,45.0,4.0,33.0,2.8791974655308134e+31,14.0,0.3111111111111111,0.5
0x3dad71b65468f3c8c1963c4d9dd311683389b002,0x192310b4a73cb9c9d034d6ac80140fd97f39f900,medio,79,1,1,4,18,18,11495142.0,11496078.0,936.0,0.13657407407407407,burn,1.0,396.0,8.0,380.0,3771607815278026.0,15.0,0.03787878787878788,0.5
0x9581ff32b0e6a476356ba3b5ab83c1263833cdda,0xe3d23780718567ac62e8089de297487ce0780080,medio,90,1,0,4,18,18,10993599.0,11008777.0,15178.0,2.361759259259259,sync,0.0,96.0,34.0,35.0,4.4015301199802025e+22,53.0,0.5520833333333334,0.0
0xa1216d1908483b54bc1be0c68b2d9d0177d6041d,0x71bc13c002d9a7095cbf5cdc632d54d54fd7dc5e,medio,72,1,1,4,18,18,13072200.0,13078255.0,6055.0,0.9281828703703704,burn,1.0,76.0,19.0,61.0,3.695648335687418e+27,18.0,0.23684210526315788,0.5
0x2e37cd7b0e09481681ea53b87b09adefd6fbfc8c,0x281b1e0d7104a98e97a974cc75c788430c49c752,medio,45,1,1,4,18,18,11181886.0,11190347.0,8461.0,1.3099189814814816,sync,0.0,51.0,18.0,21.0,1.4232891839149692e+20,28.0,0.5490196078431373,0.5
0x35f9634886a128e607ff7e4032a26f867e54d755,0x780ab9698ca5abb77a5a02f974bb2264e41abbb0,medio,66,1,0,4,18,18,12647651.0,12664714.0,17063.0,2.6505787037037036,sync,0.0,72.0,11.0,47.0,1.0000000000000118e+46,18.0,0.25,0.0
0xa4705aa940b99f490e626c909fd64639fdb29dc8,0x5dd3fccb1834f100451cdee6ee303629666e2299,medio,41,1,1,4,18,18,10763137.0,10763387.0,250.0,0.03619212962962963,burn,1.0,89.0,9.0,57.0,2.7090652959792045e+22,21.0,0.23595505617977527,0.5
0xd1fddc54ee5d3aded6bade8dfe648675107c50da,0xf31ff2be0e3bf876f29b2198f6a3155a4cf81a4e,medio,41,1,1,4,18,18,12983674.0,12984548.0,874.0,0.1336226851851852,burn,1.0,43.0,4.0,34.0,3.0027298947543084e+30,12.0,0.27906976744186046,0.5
0xce15e1edbfb012551b3344e7affe559e44a07715,0x3ca2cee5aeae41fe32be500ad39443b3b571bdd6,medio,34,9,8,26,18,18,10970632.0,11860139.0,889507.0,136.73783564814815,burn,1.0,61.0,13.0,14.0,8.62897955211778e+20,34.0,0.5573770491803278,0.8
0x10346d0b42e0fe4444d043d64be0e406e750a5be,0xea14318b721e5552ab8da95eff0b7d9352731bbb,medio,38,1,1,4,18,18,12637552.0,12644073.0,6521.0,1.011423611111111,burn,1.0,40.0,4.0,38.0,2.4102408296329316e+33,5.0,0.125,0.5
0xc559534d50dbbd42e23d5d4e48fc046c1e725bee,0xf37e0ca79a2924932f8c48cfbe40fa9616a9cc41,medio,44,10,7,25,18,18,10794798.0,11262719.0,467921.0,72.05760416666666,burn,1.0,383.0,62.0,218.0,7.782085557512106e+22,44.0,0.11488250652741515,0.6363636363636364
0x4effa5dbe4734e15a790c172e5b0587d5b9b20c2,0x58e769e641329ee025e290aa0fe9c0dd0935e767,medio,30,1,1,4,18,18,12807783.0,12809520.0,1737.0,0.26819444444444446,burn,1.0,34.0,8.0,26.0,3.551680715751036e+33,9.0,0.2647058823529412,0.5
0x8d9bb568daf3b73cd5e7daa08bb3e9efd080a048,0x4d37fcf756800c35cccd2f4798316cce49cb4c0f,medio,90,1,1,7,4,18,11153356.0,11166025.0,12669.0,1.9477430555555555,burn,1.0,116.0,51.0,55.0,8850963.0,61.0,0.5258620689655172,0.5
0x311096ebcae3b25df83b4d812e64c4693d08d910,0xa0008f510fe9ee696e7e320c9e5cbf61e27791ee,medio,42,1,1,4,18,18,10612178.0,13214015.0,2601837.0,401.54990740740743,sync,0.0,4030.0,1873.0,1858.0,1.8135759398274866e+28,1344.0,0.33349875930521095,0.5
0x80cb6cd23214cd56de8d931e527caaf35edd18e8,0x6644641ab65a09367da274a30d563a1ee88f8823,medio,35,2,3,13,18,18,12519267.0,12886088.0,366821.0,57.091458333333335,sync,0.0,225.0,8.0,15.0,1.5110261284324458e+26,197.0,0.8755555555555555,1.0
0xca1909d6d4d57052eac586b69c36ccf9bc10b80e,0x443544f975e007873a2c36e26ec67ada54dafec5,medio,32,3,2,8,18,18,12417069.0,12422639.0,5570.0,0.8681134259259259,burn,1.0,35.0,10.0,24.0,1.903314696563339e+33,14.0,0.4,0.5
0x98a611c7b8907b26e2095f2f355f95fe6880e44e,0xb0917f301a15b2f039ed0b43d800577e75ac3013,medio,38,1,1,4,18,18,12856281.0,12874825.0,18544.0,2.903888888888889,burn,1.0,40.0,4.0,38.0,2.6251078311447915e+26,5.0,0.125,0.5
0x46b8be9fead39bd1ee1c81efe91fe994df1f341d,0xe8a4aa7ca96fb2e0b44ddfb207738f2e5b8d3aa9,medio,60,1,2,6,18,18,10866495.0,12399189.0,1532694.0,235.86788194444443,burn,1.0,95.0,17.0,34.0,1.004328789335727e+24,55.0,0.5789473684210527,1.0
0xb551cefd310aed805b091d0e397780fcd4e92691,0x3d3605d0655f9e4aec7167ff56fd1da8b0269e8c,medio,65,1,0,2,18,18,12728030.0,13130246.0,402216.0,62.66810185185185,sync,0.0,392.0,66.0,95.0,4.0528907850486514e+21,252.0,0.6428571428571429,0.0
0x6418f90f72077b71a0e489a5a71fe7294ef1b3a4,0x90bfb39a041db79ca01be09c5a020d2cf48fa5a7,medio,57,1,1,4,18,18,12166812.0,12166950.0,138.0,0.020462962962962964,burn,1.0,60.0,18.0,36.0,7.05800949139457e+24,22.0,0.36666666666666664,0.5
0x331cc4bc691744d706c3762e2b4b21f2469d7eb8,0xad4e39d9b0c4f3c6f6dac3a4dc2a1b5160ecd380,medio,43,1,1,4,18,18,11831332.0,12040495.0,209163.0,32.19730324074074,burn,1.0,49.0,18.0,21.0,4.5428154696007e+24,30.0,0.6122448979591837,0.5
0x4c001329d1a9e99d1948dc366c0b6e1be984e362,0x2989baf2138085c751266d92008b728737f8f59e,medio,27,2,2,7,18,18,10962088.0,10962740.0,652.0,0.10591435185185186,burn,1.0,213.0,6.0,203.0,1.1908554605701635e+24,11.0,0.051643192488262914,0.6666666666666666
0x27277f8bd448cb49d05d7d353e71e5b68a46a01e,0x21525e2d20064a789077cbc6453631bcb1f6488f,medio,40,1,1,4,18,18,12729211.0,12733710.0,4499.0,0.705324074074074,burn,1.0,42.0,4.0,40.0,2.4455494294195673e+33,5.0,0.11904761904761904,0.5
0xc6b90bdd89373ed47c9d2227ec2f9e58d10e2fe9,0x32609619a9eda1381170da591da0ca0cc8dd29b3,medio,80,3,3,10,18,18,10501953.0,10524948.0,22995.0,3.5412962962962964,burn,1.0,91.0,28.0,42.0,4.4130263870086993e+27,38.0,0.4175824175824176,0.75
0x4f6be6c2555083dcd53c2226eab52451bbb9ebf5,0x35d4c736594be4dfbe7f999daed10cc234eb76c7,medio,28,1,1,4,18,18,12453345.0,12454114.0,769.0,0.11949074074074074,burn,1.0,34.0,10.0,21.0,1.837322832160757e+33,15.0,0.4411764705882353,0.5
0xcdfe9e82016df55eedf96434768dfacb113bf1aa,0x99530d6c6978b41ff11cd804c94a79c8c3be60f6,medio,65,2,1,5,18,18,10497551.0,10571741.0,74190.0,11.493263888888889,burn,1.0,69.0,13.0,18.0,8.16647613825442e+28,40.0,0.5797101449275363,0.3333333333333333
0xe82f3bc0146d84a9de68800e414302dc73296361,0x2c911077807981d729692738cf33937b1cdaf8a1,medio,70,2,1,5,18,18,11190736.0,11191146.0,410.0,0.06439814814814815,burn,1.0,72.0,4.0,57.0,2.9075438032669638e+23,18.0,0.25,0.3333333333333333
0x97b01966d4893e8aac976b6dbc0318e3edd21207,0x8324eae0541dabd0b7d6812dbc73e388db320bcb,medio,38,1,1,4,18,18,12428273.0,12430586.0,2313.0,0.3594212962962963,burn,1.0,41.0,9.0,31.0,3.8950269765827946e+31,11.0,0.2682926829268293,0.5
0xaecea949da29f89ae9a16c70a9654a2f2244fa62,0xbeffc89544d63bf6d0d3abb3500445b97dc92cf2,medio,36,1,1,4,18,18,13078207.0,13081136.0,2929.0,0.46425925925925926,burn,1.0,38.0,4.0,27.0,3.0581884112407376e+30,12.0,0.3157894736842105,0.5
0xb07f6c0567b2d6e1401cebb835c1f6ae8787c898,0x0342cb95794f25decc9b6913739720359afb153e,medio,37,1,1,6,18,18,12878610.0,12949206.0,70596.0,11.126967592592592,burn,1.0,41.0,13.0,19.0,3.6366990361991756e+21,25.0,0.6097560975609756,0.5
0x98ff70b03f2b163e88457eb1c6d3c131856f7e71,0x79d31c3f1e6bbf8e747a8cd5f5e1fdd32ce0caa5,medio,33,1,1,4,18,18,11154268.0,11165352.0,11084.0,1.7082986111111111,burn,1.0,73.0,15.0,15.0,8.461516971173455e+22,56.0,0.7671232876712328,0.5
0xfa890c6ac301246c43338f10ef5c411edd67be71,0x0e7a3edeace94903fc7d55f830265299691e2fcb,medio,28,1,1,4,18,18,12047702.0,12066429.0,18727.0,2.885127314814815,burn,1.0,31.0,4.0,30.0,2.0228423204790433e+26,4.0,0.12903225806451613,0.5
0x8964e06a67853e1320e1f8deff5927d9174b8ea4,0xed2ad227dd1cabef126edafaa0fcd7f4ec332b30,medio,42,1,1,6,18,18,13025484.0,13175474.0,149990.0,23.171712962962964,burn,1.0,46.0,14.0,18.0,3.459856931390866e+27,30.0,0.6521739130434783,0.5
0x65c6b531a32ead47645326ff7bd86251ffb337be,0x7308acd05addf3e45d170a901d6dc1e46abe64f8,medio,29,1,0,4,18,18,10963364.0,10964645.0,1281.0,0.1979861111111111,sync,0.0,31.0,14.0,14.0,1.0001214517360352e+28,19.0,0.6129032258064516,0.0
0xb93f3e16336464a28e54cd5d5f1e58c95eb89eef,0xdb7c24b2673dc37214329324c312c173c63e5e24,medio,50,1,1,7,18,18,10921063.0,12535950.0,1614887.0,248.6855439814815,burn,1.0,52.0,20.0,23.0,7.426524089857156e+18,28.0,0.5384615384615384,0.5
0xdeb13f14e8ab91ff00c72e4b1391a88a73a74af4,0x2b166ed0ba1f92be93c265ef7be872ddf0c52420,medio,33,1,1,4,18,18,12649389.0,12649658.0,269.0,0.04424768518518519,burn,1.0,35.0,9.0,23.0,2.0689822983624332e+33,14.0,0.4,0.5
0x02eb3245968e5fc64f390e6ee1e38bb95a342352,0xf2d6c204119fa3956452703de0a3d774fbacbc12,medio,35,1,1,4,18,18,12637434.0,12637865.0,431.0,0.0700925925925926,burn,1.0,40.0,5.0,36.0,4.7548423596890555e+33,7.0,0.175,0.5
0xf690325d046cc76b1f88c6d84b9ca7673f1b68ed,0x66fa44eaee200e3f559bc67980f8a5b1ca4a3fc9,medio,86,1,1,4,18,18,12624641.0,12631564.0,6923.0,1.0699421296296296,burn,1.0,90.0,5.0,82.0,2.9111927301725004e+33,9.0,0.1,0.5
0xde8153eb32a6f1b69a3a3e3e0888198a81a34d12,0x88c090e188948ab68ec0954c22c89bcc33f0fbbc,medio,74,4,4,16,18,18,11187106.0,11190140.0,3034.0,0.4683101851851852,burn,1.0,147.0,25.0,40.0,5.297617482180324e+21,93.0,0.6326530612244898,0.8
0xfd483a8fe2c803b60d236a0ba1433461699877a9,0xb3e9490f6ce4e4e65eadde6419027e135b77544d,medio,88,1,2,8,18,18,12729887.0,12778241.0,48354.0,7.5290625,burn,1.0,99.0,39.0,42.0,3.236314076083181e+20,49.0,0.494949494949495,1.0
0x2bfb935fb0c08a6c69cf4517c0e37e43133c7bf5,0xf61152229f6d4972e4180274f12b7d0a4afe6d12,medio,41,1,1,4,18,18,12726184.0,12732577.0,6393.0,0.9998726851851852,burn,1.0,45.0,7.0,35.0,2.07041401746664e+27,11.0,0.24444444444444444,0.5
0xf31fd87777b8bdebd987b9dfbb69e0b2e9bd7c94,0x181e1045e7e9cdddb61d91f6ea887228b8039b8b,alto,772,2,1,7,18,18,11071307.0,11117291.0,45984.0,7.056307870370371,sync,0.0,780.0,133.0,160.0,9.97344730606608e+23,443.0,0.5679487179487179,0.3333333333333333
0xf2ecb7740dc01a16db0ecc0af12ba8e32511bebf,0x61be6fac719f871a24d9bdcdf97b6c94772c7e28,alto,370,36,11,114,18,18,12374662.0,13220470.0,845808.0,131.40483796296297,sync,0.0,534.0,75.0,83.0,3.4248144384829166e+22,276.0,0.5168539325842697,0.2972972972972973
0xdcff4c70131b476595b449c7db17cd92663aa513,0x3f09400313e83d53366147e3ea0e4e2279d80850,alto,10460,280,151,659,18,18,10889627.0,13213930.0,2324303.0,358.9223148148148,sync,0.0,15949.0,2811.0,3367.0,1.5066905148351228e+25,6541.0,0.4101197567245595,0.5373665480427047
0xc95a97a914c9e51c1a8ba67ef20296eaaf167776,0xc65d463db182ab35eb6ba21727badaf62168600c,alto,319,4,2,11,18,18,11192218.0,12247257.0,1055039.0,162.15783564814814,sync,0.0,855.0,123.0,129.0,4.54616059006538e+21,608.0,0.7111111111111111,0.4
0x225ce674a5f01eba8a1178252e4bec8ef5107045,0xb1e8092ff5b03d06f1cd32885fa158c822c45b11,alto,263,1,0,4,18,18,12595332.0,12721059.0,125727.0,19.547511574074075,sync,0.0,315.0,3.0,230.0,9.735847331469509e+33,75.0,0.23809523809523808,0.0
0xe7ec53f495cc554e636db1bcfbb2d81e808d92c5,0xef6344de1fcfc5f48c30234c16c1389e8cdc572c,alto,790,17,12,42,18,18,11818422.0,13220108.0,1401686.0,217.01587962962964,sync,0.0,4499.0,485.0,3406.0,1.9120100890625282e+26,625.0,0.1389197599466548,0.6666666666666666
0x49aa60661199aeaf8b6f5abd51151f918875c3cd,0xcc665390b03c5d324d8faf81c15ecee29a73bcb4,alto,720,6,3,13,18,18,12889404.0,13216287.0,326883.0,50.771631944444444,sync,0.0,3443.0,261.0,2741.0,1.919871236093291e+26,352.0,0.10223642172523961,0.42857142857142855
0xc629cab7b511870597576e72da3a19fba494e8f1,0x08cae08246e9e47ab20db3d87375094b1ef3a533,alto,143,105,1,108,18,18,11184731.0,13023914.0,1839183.0,284.01167824074076,sync,0.0,431.0,29.0,137.0,2.344859235304771e+26,284.0,0.6589327146171694,0.009433962264150943
0xef9c28b6a028eb47cb732931e1c7834beb890061,0x9c463e85fea96979ef2c6b62672918bea9b8e10c,alto,345,1,2,8,18,18,12590337.0,12635819.0,45482.0,7.047037037037037,burn,1.0,348.0,100.0,116.0,5.388828733624295e+21,211.0,0.6063218390804598,1.0
0x9314941c11d6dee1d7bf93113eb74d4718949f3b,0xc40af1e4fecfa05ce6bab79dcd8b373d2e436c4e,alto,164202,251,161,614,18,18,12253771.0,13220404.0,966633.0,150.06074074074073,sync,0.0,186345.0,26979.0,65296.0,1.6757362945734816e+27,53746.0,0.2884220129330006,0.6388888888888888
0x798de3403b949bffde1d799d77345642967c5c70,0x0e685b78279d58109e1f6b428cab3fa37aea8285,alto,802,4,2,9,18,18,12275044.0,12764858.0,489814.0,75.8965625,sync,0.0,814.0,155.0,355.0,4.4677392714058894e+33,318.0,0.3906633906633907,0.4
0x4bed36c257a16fbae79bd4eb005ac9fc119d1412,0x1016f3c0a1939fa27538339da7e2a300031b6f37,alto,2395,5,4,15,18,18,12281826.0,13207310.0,925484.0,143.71561342592594,sync,0.0,2457.0,585.0,992.0,6.1565677256198556e+26,964.0,0.39234839234839236,0.6666666666666666
0x553db97b11642e0f9471d511296577421518de1a,0x03303f2e0ccb295c59cfd35e86fb2361e212a76a,alto,269,5,4,16,18,18,12351281.0,13066707.0,715426.0,111.24399305555555,sync,0.0,280.0,68.0,107.0,8.614343627077207e+33,127.0,0.45357142857142857,0.6666666666666666
0xcabc797f2168a6f04109d213d5c120172ed9ac06,0xe72ef6762fda9250ac123d97f782561a83a82406,alto,145,1,1,4,18,18,11348145.0,11350923.0,2778.0,0.42085648148148147,burn,1.0,253.0,9.0,116.0,5.5255161809015444e+23,81.0,0.3201581027667984,0.5
0x00169b1dd92b039a94d33f65c31bf1c297657a72,0x7ccc863ece2e15bc45ac0565d410da7a3340ad98,alto,1271,248,85,428,18,18,12135989.0,13214266.0,1078277.0,167.22328703703704,sync,0.0,2535.0,477.0,1039.0,9.523382745716228e+27,783.0,0.3088757396449704,0.3413654618473896
0x2dfee82f4250dd3f3c6811c5d2926ede8b37a7d5,0x4b1e80cac91e2216eeb63e29b957eb91ae9c2be8,alto,47169,415,211,1859,18,18,10668783.0,13220440.0,2551657.0,393.8299421296296,sync,0.0,56920.0,7723.0,11809.0,1.6471801524705545e+28,21625.0,0.3799191848208011,0.5072115384615384
0x3845a342a030ca67bd16ddf739b1a67fe5b3f8f9,0x5d762f76b9e91f71cc4f94391bdfe6333db8519c,alto,26251,31,27,95,18,18,10905045.0,12848299.0,1943254.0,299.7426041666667,sync,0.0,29930.0,3854.0,4219.0,8.771063769016696e+23,13198.0,0.44096224523889077,0.84375
0x6a7923cc454d7dfbbb54433190c968a0099a58be,0x162b3b37aab1c09bd852f6227b17d4a5a9f60962,alto,552,7,4,18,18,18,10411861.0,12334367.0,1922506.0,295.9121875,sync,0.0,601.0,127.0,146.0,2.9053222697766144e+25,308.0,0.5124792013311148,0.5
0x1d574d4b71aef6cba56f4694e7ebcc9c6ff3fa06,0xd35b8da16adffb9ed3da98f9d6fc2dd36a4f0a27,alto,133,2,2,7,18,18,12540525.0,12540822.0,297.0,0.04479166666666667,burn,1.0,140.0,29.0,68.0,4.13585322064629e+33,57.0,0.40714285714285714,0.6666666666666666
0xa0e92b7af5e4d5800a93c80ddfb709263cf8d121,0xaf28f283225b515387d0e35335f353560af00038,alto,705,4,3,13,18,18,11047537.0,11620112.0,572575.0,87.89144675925925,sync,0.0,764.0,252.0,256.0,4.914284396620779e+20,388.0,0.5078534031413613,0.6
0xcdf5ade987f1b51f739c8dbc852bca92aa4c0f37,0xb8e3bb633f7276cc17735d86154e0ad5ec9928c0,alto,1377,1,0,2,18,18,,,,,,,,,,,,,0.0
0x31ecfbc7584c827707afcce6c069d19808779068,0x9cd9a927013075b0d39b1fb5f307560af471cc70,alto,134,1,0,4,18,18,11131121.0,11138919.0,7798.0,1.1861342592592592,sync,0.0,139.0,35.0,65.0,1.0002798498353252e+27,56.0,0.4028776978417266,0.0
0x6c35c40447e8011a63ab05f088fa7cd914d66904,0xf911a7ec46a2c6fa49193212fe4a2a9b95851c27,alto,57784,262,235,788,18,18,10562629.0,13217444.0,2654815.0,409.74528935185185,sync,0.0,76082.0,8121.0,9307.0,1.6677901492557902e+19,33813.0,0.444428379905891,0.8935361216730038
0xcb8d70a51a0e2a75ca8a0ead8574e85d288c17eb,0x1829aa045e21e0d59580024a951db48096e01782,alto,317,2,0,3,18,18,11569379.0,13216424.0,1647045.0,254.71479166666666,sync,0.0,1085.0,396.0,581.0,5.072701887243581e+26,223.0,0.2055299539170507,0.0
0x5034169391cf8715b2ec62f59cc4a49b2bef4684,0xb1c81d674dfe352ecbc07dece5f054109d2793ef,alto,265,49,29,109,18,18,10630548.0,12914116.0,2283568.0,352.2049768518518,burn,1.0,752.0,238.0,254.0,6.435447884223555e+25,271.0,0.3603723404255319,0.58
0x30c95a8ca2cdede23c9308f079c0289bfc3bc316,0xc5249dc04bd3affdee3cd7d675bd8d0aac1b3ed2,alto,119,1,1,4,18,18,12925473.0,13041187.0,115714.0,17.99716435185185,burn,1.0,122.0,5.0,113.0,1.0000226785637882e+35,8.0,0.06557377049180328,0.5
0x9f4aa9b4661f0c55b61fc12b1944f006a71c773f,0x8a9c4dfe8b9d8962b31e4e16f8321c44d48e246e,alto,24538,148,104,361,18,18,11759736.0,13220175.0,1460439.0,226.04748842592593,sync,0.0,59825.0,7409.0,11509.0,6.171488436782405e+26,27313.0,0.4565482657751776,0.697986577181208
0x78de41031c60bde03d47aed04f764669e65fa35e,0xe6e4d00d9ffc587af310a9aa23dd70610c431d01,alto,97,1,3,8,18,18,12298773.0,12300960.0,2187.0,0.34130787037037036,burn,1.0,106.0,9.0,91.0,3.081446656949508e+33,10.0,0.09433962264150944,1.5
0x020e6d0e80d08567ecb14f942fa326748407a845,0xa80f2c8f61c56546001f5fc2eb8d6e4e72c45d4c,alto,37384,44,26,98,18,18,12330043.0,13220472.0,890429.0,138.305625,sync,0.0,216074.0,15608.0,38326.0,4.634722396225778e+26,84308.0,0.3901811416459176,0.5777777777777777
0xae8db5e5fc04d2f6defcc23933a7eda14f391ebb,0xebfba877012aa93650988c2405a64dafc87b2523,alto,155,1,1,4,18,18,12748454.0,12751018.0,2564.0,0.3959722222222222,burn,1.0,157.0,25.0,116.0,3.6174534249138853e+27,29.0,0.18471337579617833,0.5
0x1e3552dd4c47892ea8bc1bcc66473adcee0493dd,0x1de37068c22bc477a3d6f512e09c186d937e5a27,alto,137,10,8,43,18,18,12139082.0,12714146.0,575064.0,88.93425925925926,sync,0.0,252.0,61.0,118.0,3.5063599571272346e+24,87.0,0.34523809523809523,0.7272727272727273
0x85503c60a699a518854385ca59f370d17722ebb0,0x68037790a0229e9ce6eaa8a99ea92964106c4703,alto,172,1,0,2,18,18,12196414.0,13204300.0,1007886.0,156.40347222222223,sync,0.0,22931.0,2238.0,4139.0,5.548983189643044e+26,6615.0,0.2884741180061925,0.0
0x5c41ba325fc0e15523a21bcbfdcb57f1f644bb3a,0xe02889ad55cbd30c95894fe038debe7314e68a1d,alto,101,1,1,4,18,18,12592810.0,12600268.0,7458.0,1.154976851851852,burn,1.0,104.0,4.0,92.0,2.7578601258395305e+33,11.0,0.10576923076923077,0.5
0xc88903c2a2088dde4257fb8cd40aef4997f5af16,0x46d088a014d1e7c7d0984c3069429623a54736c5,alto,132,1,1,7,18,18,12720743.0,12765334.0,44591.0,6.9485879629629625,burn,1.0,166.0,48.0,92.0,1.1460621801173334e+32,55.0,0.3313253012048193,0.5
0x3ce8afda6d895357134266201633fb3304a44518,0xdaab565ef0dd611b0132a4b55486ed1b366d5f6d,alto,233,3,2,10,18,18,11143505.0,11186981.0,43476.0,6.677939814814815,sync,0.0,237.0,58.0,77.0,3.271195449127909e+21,127.0,0.5358649789029536,0.5
0xf55db1ee16fa5be86335688d2a1a6f4d439ca4bb,0x115ec79f1de567ec68b7ae7eda501b406626478e,alto,1268,29,17,115,18,18,10645850.0,13217158.0,2571308.0,396.86015046296296,sync,0.0,40738.0,5155.0,7094.0,7.383334455275447e+28,8893.0,0.21829741273503853,0.5666666666666667
0x856e90282961c0e7f6693fd2f62b35d5df9783cf,0x63726dae7c57d25e90ec829ce9a5c745ffd984d3,alto,15761,192,132,841,18,18,11966107.0,13220213.0,1254106.0,194.31364583333334,sync,0.0,17579.0,3433.0,4688.0,7.261255068995484e+18,7559.0,0.4300017065817168,0.6839378238341969
0xcfd38a170b73726d2852d80c20d0a7f7f3432d56,0xcb3df3108635932d912632ef7132d03ecfc39080,alto,1823,9,8,26,18,18,10693214.0,12949099.0,2255885.0,348.0753472222222,sync,0.0,2679.0,752.0,870.0,9.328384630085213e+25,934.0,0.3486375513251213,0.8
0x355cb04cca54a52866188ebef6609f24086af53e,0x30c87bdfa7c825c5c1a5f6618a440f7204b26462,alto,106,1,2,6,18,18,10949125.0,10951425.0,2300.0,0.36462962962962964,burn,1.0,265.0,7.0,158.0,6.0640807298028716e+26,24.0,0.09056603773584905,1.0
0x4e95dcb1d7d5790ac748ff2f1c553647568828f8,0x103b4eb7b8ca2350643b9cfd4c0064039856643d,alto,410,1,1,6,18,18,12819745.0,13011343.0,191598.0,30.00625,burn,1.0,414.0,120.0,151.0,5.391391276939184e+21,243.0,0.5869565217391305,0.5
0x3da59999859c3ae82798df73c472ef6534fbc27b,0x267440ab417668f002fcab9209aa0f4e7e584459,alto,615,1,2,9,18,18,12485604.0,12873575.0,387971.0,60.357824074074074,burn,1.0,634.0,159.0,229.0,2.804918369809604e+23,279.0,0.4400630914826498,1.0
0xcd56d21053740b93e5960776d85f33ba3b10c9b3,0x4efcf9cd20d1a23dd2a588125304b9eb5e9963f5,alto,138,2,2,10,18,18,11239787.0,11375272.0,135485.0,20.79431712962963,burn,1.0,283.0,48.0,53.0,36043004.0,209.0,0.7385159010600707,0.6666666666666666
0x5222b346f24605d467c8febf490f0ad98af19b2d,0x672e1e95854957e262d9a1ebb82f040e8dd35f99,alto,804,1,0,4,18,18,11094285.0,11804099.0,709814.0,109.00940972222222,sync,0.0,1670.0,290.0,345.0,3.1025254005811666e+21,1190.0,0.7125748502994012,0.0
0x332dddd439760d5a5e7ce62e70104d7b3709e1a4,0x2874d3a3d94093e7d5402a9d37fb81838cd72758,alto,125,3,3,13,18,18,10928863.0,11716139.0,787276.0,121.11731481481482,sync,0.0,367.0,44.0,58.0,3.5910844519043245e+24,267.0,0.7275204359673024,0.75
0xe8edd9968245873176e30548147efdd13e0b22f4,0xc477d038d5420c6a9e0b031712f61c5120090de9,alto,16812,50,37,131,18,18,12204779.0,13219693.0,1014914.0,157.49299768518517,sync,0.0,55773.0,9367.0,13106.0,8.870010842654403e+26,15240.0,0.2732504975525792,0.7254901960784313
0xf2cb2ca0ef7e9952f047db1b842514f8c908c7c0,0x68c525a7574509659ba27c38a1e4e5550f6711c4,alto,207,1,1,4,18,18,12789868.0,12791389.0,1521.0,0.23645833333333333,burn,1.0,211.0,4.0,207.0,9.701423785714181e+29,7.0,0.03317535545023697,0.5
0x1ecdd0093e60e48c91d19d25e92ec245b67443ba,0x33835bc4bd50ba1e3ec10f5fbeed559a234a6931,alto,447,1,2,6,18,18,12104825.0,12110068.0,5243.0,0.8105439814814814,burn,1.0,471.0,5.0,403.0,4.2366091244319265e+28,17.0,0.036093418259023353,1.0
0xe76ad9640771f0d8c86911495dd9d55c96755fa2,0x97f88fcc106dbea24c5f57ec4b65eb810f2ffe66,alto,1027,119,99,518,10,18,11379534.0,12967367.0,1587833.0,245.38722222222222,sync,0.0,2220.0,307.0,592.0,9.565150783366995e+16,799.0,0.3599099099099099,0.825
0x36d08339560aedd9a9994ce8d06e1960b53e153f,0x355376d6471e09a4ffca8790f50da625630c5270,alto,269,2,0,3,18,18,10618481.0,13061187.0,2442706.0,376.95804398148147,sync,0.0,753.0,162.0,284.0,1.560251734861724e+26,189.0,0.250996015936255,0.0
0xd053489ef7574c759887cc9171312d78647564dd,0x3c144f8fd51fb49f59c40a47d4826836581494e2,alto,115,2,4,11,18,18,11126404.0,11562835.0,436431.0,67.0091550925926,burn,1.0,136.0,34.0,48.0,7.083957103425899e+22,67.0,0.49264705882352944,1.3333333333333333
0x5b8e5f820713cf57cd6042fc16f2120594c9bf24,0x4d71c437be3bdcf1e798b173681a47034adfb625,alto,1003,1,2,9,18,18,12683769.0,12920019.0,236250.0,36.92527777777778,sync,0.0,1010.0,237.0,318.0,5.919325707560632e+27,574.0,0.5683168316831683,1.0
0x3221b78709e78e5e069858abdd7723d440821f7a,0xe51f24b251430a6e615f66e0d3c3a97c442ab38c,alto,1162,354,80,943,18,18,10971729.0,12908426.0,1936697.0,298.81689814814814,sync,0.0,8763.0,763.0,5818.0,1.7714792962220412e+26,1145.0,0.1306630149492183,0.22535211267605634
0x34a7c3582e63a5b5558eadb08d531a822773243a,0x77ccb21b972e4d57b93a701f9647d494f1bc93af,alto,270,3,3,10,18,18,11161599.0,11167581.0,5982.0,0.9206018518518518,burn,1.0,488.0,66.0,300.0,1.4690169530703756e+27,66.0,0.13524590163934427,0.75
0x2dba0cb1636b37371bb1e2590b822768897b8266,0xc4c7ea4fab34bd9fb9a5e1b1a98df76e26e6407c,alto,121,1,0,2,18,18,11990314.0,13130351.0,1140037.0,176.69912037037037,sync,0.0,3229.0,680.0,2369.0,2.546639652317385e+26,330.0,0.10219882316506658,0.0
0x60c5bf43140d6341bebfe13293567fafbe01d65b,0x62dc4817588d53a056cbbd18231d91ffccd34b2a,alto,4257,18,8,55,18,18,12277468.0,13219515.0,942047.0,146.25930555555556,sync,0.0,11604.0,1694.0,3035.0,1.7032023008809362e+25,2733.0,0.23552223371251294,0.42105263157894735
0xd07d430db20d2d7e0c4c11759256adbcc355b20c,0x903bef1736cddf2a537176cf3c64579c3867a881,alto,2722,82,51,308,18,18,11260091.0,13220247.0,1960156.0,302.79586805555556,sync,0.0,35547.0,1823.0,2121.0,5.825192689661992e+16,7569.0,0.2129293611275213,0.6144578313253012
0x29438e05bed60c5a7abe4caef9008c62bcc95518,0x10350cfc64d8ddfd4ef65eb809ae073a6e93176b,alto,212,39,0,42,18,18,12442684.0,12765216.0,322532.0,50.09035879629629,sync,0.0,214.0,28.0,42.0,4.883333713520251e+24,143.0,0.6682242990654206,0.0
0x176d5681af7a7d33bca2b10f716bb19499a9dd12,0x73a9fb46e228628f8f9bb9004eca4f4f529d3998,alto,1375,140,63,269,18,18,11243400.0,13198554.0,1955154.0,301.98315972222224,sync,0.0,2603.0,232.0,265.0,45654163033.0,1309.0,0.5028812908182866,0.44680851063829785
0x131caa9c69394acb7c20c1a0af0ca9ebd1cdbb86,0x4ece5c5cfb9b960a49aae739e15cdb6cfdcc5782,alto,18543,9,5,21,18,18,13003789.0,13220348.0,216559.0,33.46927083333333,sync,0.0,14280.0,1590.0,2990.0,6.992378555339218e+18,6080.0,0.4257703081232493,0.5
0x8a77086a1d04fa3e2a5b6727ec395d8c914da71a,0x78bf8ef3a3d1dc978935ee4ae8b43247548c3946,alto,101,4,1,7,18,18,12450431.0,12458027.0,7596.0,1.16875,burn,1.0,109.0,5.0,80.0,3.0301013263077797e+33,17.0,0.1559633027522936,0.2
0xc37c8bb43a335f567b3fec6241d2b206b582e2e0,0x37a62c411c18d97048ea526dd3bc94b68ac81e0b,alto,777,1,1,4,18,18,12788101.0,12839704.0,51603.0,8.06537037037037,burn,1.0,1296.0,355.0,814.0,4.007714046278436e+32,367.0,0.283179012345679,0.5
0x7eff3730b703e4c83cadd3fafcb1a2fef865731a,0x81f92a8a6d94bd146c6cc4d5d76cc127bc131469,alto,1564,11,5,22,18,18,12310849.0,12902063.0,591214.0,91.82512731481482,sync,0.0,1626.0,175.0,486.0,4.1630887919810466e+29,538.0,0.33087330873308735,0.4166666666666667
0xf0e3fdf48661cd10d56692f60bd4eccd01e9cf64,0x0ada190c81b814548ddc2f6adc4a689ce7c1fe73,alto,16139,1396,487,4434,18,18,12257594.0,13220437.0,962843.0,149.4728125,sync,0.0,67262.0,3418.0,3731.0,4.308036686311005e+25,28725.0,0.42706134221402875,0.34860415175375803
0xa8210851c8985f603815589e4dba3190c2dff925,0xb2cf3a438acf46275839a38db7594065f64151d3,alto,96,3,2,8,18,18,10209869.0,12925417.0,2715548.0,419.1166435185185,sync,0.0,815.0,184.0,352.0,6.160881279384648e+28,119.0,0.1460122699386503,0.5
0xb2d27b7be3f047a6102e6b7acd28963ce6b8cfb1,0xf56a6b1479941e11829d6b50d9e2a78e67dfcf7c,alto,137,2,1,8,18,18,11460483.0,11933356.0,472873.0,72.64445601851853,burn,1.0,295.0,47.0,53.0,2.5031745300650603e+24,220.0,0.7457627118644068,0.3333333333333333
0x080b0ecc3f4115258c7a8241459eae26e7a9de32,0xe31b338fd47f4dcb49620faee2ce8fb1cdc6b639,alto,762,1,1,6,18,18,12779833.0,13165450.0,385617.0,60.03331018518519,sync,0.0,768.0,191.0,266.0,6.169878746270126e+27,433.0,0.5638020833333334,0.5
0x3a7f5430f12becfe7a6876d748f53d771a3cec1a,0x35fbc59b87229d3beddbfb1d3c1d7a97ee0c4fff,alto,1891,2,1,6,18,18,10391952.0,12399732.0,2007780.0,309.08736111111114,sync,0.0,2036.0,462.0,499.0,1.1747794792133947e+25,957.0,0.47003929273084477,0.3333333333333333
0xdefd1ebf5e88479d0919e6871880d9f851f93495,0x7408ec9eb983660d3cec5fd16387b872550fc3bf,alto,811,47,32,116,18,18,11153605.0,11495301.0,341696.0,52.48517361111111,burn,1.0,1214.0,307.0,447.0,1.1531275968617068e+23,517.0,0.4258649093904448,0.6666666666666666
0x32b664218cbe3d9650bc9677e5804ff767d8b512,0x7c543e1604a1797aa0be58aced220e8663e7d974,alto,602,1,1,7,18,18,12312317.0,12370653.0,58336.0,9.008761574074073,burn,1.0,613.0,137.0,184.0,1.0809325848551954e+28,328.0,0.5350734094616639,0.5
0x8fd88bec1a213fe3bc28cad549f9fa0f9387764f,0xcbdf1deb934e945a70b7289bb98e97013777f820,alto,3882,1,1,6,18,18,12432915.0,13205636.0,772721.0,120.1187037037037,sync,0.0,4024.0,1009.0,1668.0,6.27745615769385e+23,1538.0,0.38220675944334,0.5
0x6bc4fbe8b72512d994fba72ade9de502b3d88ac4,0x3f9078b8fbcb1c4e03b41fa9e5a0532a28848db7,alto,30136,27,18,70,18,18,12653945.0,13219481.0,565536.0,88.0142824074074,sync,0.0,30413.0,3277.0,4240.0,7.483460735027812e+24,18465.0,0.6071416828329991,0.6428571428571429
0x1def8b22302e04389b67d95658a044e7445dad3e,0x81611acd4460fd996aa657835af044644fa8ae29,alto,2019,19,16,55,18,18,10618694.0,13184796.0,2566102.0,396.03047453703704,sync,0.0,2256.0,256.0,462.0,222562657.0,1205.0,0.5341312056737588,0.8
0xa04585fd1beb417bf3b8addee0ffaa6958e3fba0,0xba7b770b54733e78cac22c5bc1bf2c7ba1cb8c9f,alto,111,1,0,3,18,18,12748576.0,12754341.0,5765.0,0.9011805555555555,sync,0.0,163.0,7.0,115.0,1.0000027118302103e+33,26.0,0.15950920245398773,0.0
0x30c86753b88d430436b8a6ef23b4c6faa930ad7d,0x29502fe4d233ef0b45c3647101fa1252ce0634bd,alto,18822,21,18,66,18,18,12076154.0,13213965.0,1137811.0,176.38811342592592,sync,0.0,36013.0,3284.0,6043.0,1.0180919250122567e+22,22246.0,0.6177213783911365,0.8181818181818182
0x984c4235488c87afdcb4334329801003ffd7da20,0x8f6d27d5530ce9da4a6478b1ebb4f625b00d33bc,alto,261,1,3,11,18,18,12635653.0,13083851.0,448198.0,69.87847222222223,burn,1.0,306.0,111.0,133.0,8.170352304843985e+18,138.0,0.45098039215686275,1.5
0x9ee0e86320b81d2b035aabb47e934353f37d2632,0x563d4567c8b12c968b59f7c5cb6f665c7087e338,alto,237,1,1,7,18,18,12648078.0,12692293.0,44215.0,6.890509259259259,burn,1.0,240.0,54.0,80.0,4.0263519287057276e+21,139.0,0.5791666666666667,0.5
0xb562f0b2b962e00f12487d1a1e233768c8c75f53,0xa462cebf44cd390a67e37fada66dc49d3e49daf3,alto,241,1,2,9,18,18,12446466.0,12448614.0,2148.0,0.3322222222222222,burn,1.0,252.0,89.0,117.0,4.7841451208859656e+30,115.0,0.45634920634920634,1.0
0x93268722e643df5e4099bd685c972cd667968e89,0xfdc4a3fc36df16a78edcaf1b837d3acaaedb2cb4,alto,1957,36,27,95,18,18,11497146.0,13219899.0,1722753.0,266.3320023148148,sync,0.0,4523.0,822.0,1109.0,1.2180279154785583e+25,2137.0,0.47247402166703517,0.7297297297297297
0xf4eb30eb7d95ef57a1ce8026bbf9f1ecef99bc23,0xc2ede82d7430b48e853cbd07f597c24a5317593d,alto,390,2,2,7,18,18,12557725.0,12562321.0,4596.0,0.7154166666666667,burn,1.0,396.0,4.0,383.0,2.584094852481155e+27,9.0,0.022727272727272728,0.6666666666666666
0x3b156abf151cd5b2f4d1171ae8016dbd298092e1,0xf784097f3a428878d2b512818b34f580b93776db,alto,1308,4,3,18,18,18,10886856.0,12940934.0,2054078.0,317.0947685185185,sync,0.0,1330.0,379.0,449.0,9.718605009917536e+22,598.0,0.4496240601503759,0.6
0xc012b98635569f282cebc3751596e409f9f6d8dc,0x0fa7e3e89cfbbf9a6d4c48d8d4b106e01558ec70,alto,813,4,4,17,18,18,12208691.0,12807830.0,599139.0,92.80949074074074,burn,1.0,1447.0,215.0,354.0,7.600704932788626e+21,879.0,0.6074637180373186,0.8
0xac01d5a6e13cf13697fe6a1112f831d21fae403f,0xca394a62cf89e3ae80dae858d96afb93e4120977,alto,167,1,2,8,18,18,11768749.0,11781851.0,13102.0,2.0211689814814813,burn,1.0,170.0,53.0,70.0,7.414260902215845e+21,87.0,0.5117647058823529,1.0
0xdac363f57faeccc559305411fa8a67172c184f38,0x98e0438d3ee1404fea48e38e92853bb08cfa68bd,alto,103,33,3,40,8,18,10455987.0,12733078.0,2277091.0,350.90489583333334,sync,0.0,489.0,80.0,145.0,1.6176790086450481e+19,225.0,0.4601226993865031,0.08823529411764706
0x3ac21805a1183ee720bd743e3e997c2bd27cc68d,0x870cf5b667e2fe090acef12112e8fa195fab711a,alto,232,1,1,6,18,18,11778706.0,11829180.0,50474.0,7.771412037037037,burn,1.0,487.0,94.0,116.0,1.2751549543080883e+26,350.0,0.7186858316221766,0.5
0x9081b50bad8beefac48cc616694c26b027c559bb,0x4c11249814f11b9346808179cf06e71ac328c1b5,alto,95612,1050,751,3170,18,18,11086239.0,13220168.0,2133929.0,329.45722222222224,sync,0.0,151051.0,16750.0,22994.0,1.8082130574191608e+26,56026.0,0.37090783907422,0.7145575642245481
0x7470a9dca1c1ef302b14ee166c457aebecce3146,0xaf585c15dab8c363087c572758ac75e82c467579,alto,280,2,1,7,18,18,12563761.0,13219517.0,655756.0,101.9792361111111,sync,0.0,510.0,56.0,319.0,1.929576766836612e+27,102.0,0.2,0.3333333333333333
0x8d3c9f4d0a8dbb6d5e2068ac36719290f7988cc1,0x7697b462a7c4ff5f8b55bdbc2f4076c2af9cf51a,alto,3133,328,57,834,18,18,11706390.0,13216915.0,1510525.0,233.7602662037037,mint,0.0,4500.0,610.0,922.0,3.7656506427561526e+26,1830.0,0.4066666666666667,0.17325227963525835
0x6579d4d60efbcbda1009e6d1b3c57485dfbc2c1b,0x746f66ff3e7381c55083e32627d1f8cb8969ea5d,alto,876,103,0,105,18,18,12901720.0,13214665.0,312945.0,48.58922453703704,sync,0.0,1534.0,123.0,192.0,4.942047386520794e+21,1110.0,0.7235984354628422,0.0
0xd003543df2cd30e9dcd196e6a8074aa81131a491,0x1b0991b57a6a165556df6597ad9106d208c67456,alto,2898,10,9,29,18,18,11271275.0,11891149.0,619874.0,95.21287037037037,burn,1.0,4933.0,384.0,2140.0,2.676408774301084e+24,1803.0,0.36549766876140277,0.8181818181818182
0x94a0ae2b443f9c0ca0fc6ae8a653a5c4e934b92e,0x36ac219f90f5a6a3c77f2a7b660e3cc701f68e25,alto,1009,22,18,59,18,18,11336836.0,13211814.0,1874978.0,289.69925925925924,sync,0.0,2875.0,673.0,947.0,7.434122647873058e+26,1115.0,0.38782608695652177,0.782608695652174
0xa28a380706ddf43417cba815b726235b22c9b1bb,0xc414ef2ec3a885c2c64731204a34a4a838003435,alto,1052,270,3,279,18,18,11465920.0,12641941.0,1176021.0,181.17375,sync,0.0,1174.0,234.0,247.0,6.044548154937397e+22,820.0,0.6984667802385008,0.01107011070110701
0xc2d43c7553561aec4696f326be0b8e9730a2635f,0xdff52e6b78ed35d0b780191cdb2caa88ba051f49,alto,107,1,1,4,18,18,12538791.0,12538830.0,39.0,0.006597222222222222,sync,0.0,109.0,5.0,77.0,1.4957685228549833e+21,13.0,0.11926605504587157,0.5
0xb1a824a6caf1f789aa7ca1072e36e83cd62ba3ee,0x0ff6ffcfda92c53f615a4a75d982f399c989366b,alto,74286,408,335,1333,18,18,10685929.0,13220411.0,2534482.0,391.1764699074074,sync,0.0,99198.0,17118.0,20180.0,7.518682766562153e+26,36287.0,0.365803746043267,0.8190709046454768
0x662cef6fdbfdd047f0967d81c5673dd1da8f3e89,0xbb291818f1b1f4045f5605a5b6e4f5d4763f8059,alto,93,5,3,12,18,18,10955740.0,11138282.0,182542.0,28.20880787037037,mint,0.0,102.0,34.0,42.0,5.923757067613146e+26,53.0,0.5196078431372549,0.5
0x6147805e1011417b93e5d693424a62a70d09d0e5,0xe95a203b1a91a908f9b9ce46459d101078c2c3cb,alto,11336,560,416,2857,18,18,11445560.0,13218568.0,1773008.0,274.0486226851852,sync,0.0,33167.0,2842.0,3674.0,8.702944519559989e+23,10251.0,0.3090722706304459,0.7415329768270945
0xc3601f3e1c26d1a47571c559348e4156786d1fec,0x92e187a03b6cd19cb6af293ba17f2745fd2357d5,alto,23746,138,108,450,18,18,11445957.0,13214831.0,1768874.0,273.39940972222223,sync,0.0,41907.0,6083.0,8236.0,3.5440009682944206e+27,13438.0,0.3206624191662491,0.7769784172661871
0x7c5f2a5d428d713e545a05ec1b4bf49bf656818f,0x24ec2ca132abf8f6f8a6e24a1b97943e31f256a7,alto,6991,16,12,43,18,18,12503998.0,13220456.0,716458.0,111.39461805555555,sync,0.0,8778.0,1302.0,2085.0,2.010079938648017e+27,3827.0,0.435976304397357,0.7058823529411765
0x18f238a96392a8fabb87065b5129dd00192e6cb1,0x39795344cbcc76cc3fb94b9d1b15c23c2070c66d,alto,34829,1333,927,6814,18,18,10904740.0,13220124.0,2315384.0,357.5786689814815,burn,1.0,44775.0,4444.0,5226.0,7.689184359753869e+17,19083.0,0.4261976549413735,0.6949025487256372
0xbc88e15b0a7c3f668ed819da8a275d4040f4473a,0x99900b7e9d06b4a6b1eae6a187d7c92021c0f893,alto,486,1,1,6,18,18,12526206.0,12929987.0,403781.0,62.947349537037034,sync,0.0,493.0,149.0,190.0,3.409351183757114e+21,230.0,0.4665314401622718,0.5
0x974c1a8593e94bdbea44a9fdeb52d9d87ab2d4ac,0x348930eed0fdce6fa560494b178c5574e7f8dadb,alto,111,1,6,17,18,18,11135227.0,11166657.0,31430.0,4.817291666666667,burn,1.0,118.0,36.0,44.0,2869142.0,59.0,0.5,3.0
0x80fd21ff4a1ff7727fb81e098c5062ba47fe67af,0x70e8de73ce538da2beed35d14187f6959a8eca96,alto,422,16,8,33,18,18,10904321.0,12951667.0,2047346.0,316.1171180555556,sync,0.0,10134.0,1308.0,1741.0,517722921183560.0,1830.0,0.18058022498519835,0.47058823529411764
0x50f250ddf8b169d890c044b9e4001848d0b78582,0xb0806a30b9a30a2186a0ca58d8219689ac84656a,alto,274,12,7,27,18,18,11032901.0,12760315.0,1727414.0,266.0829861111111,sync,0.0,508.0,44.0,85.0,1.6135500795653543e+24,258.0,0.5078740157480315,0.5384615384615384
0xac8d8dfae157009efd41c5e7ddcd6cc24d1c38cc,0x5662364dc049efa713e9acbc38c1287a1224e102,alto,827,1,1,6,18,18,12519229.0,12779899.0,260670.0,40.489837962962966,sync,0.0,1358.0,199.0,267.0,4.496121853839274e+21,890.0,0.6553755522827688,0.5
0xa00af4c2f1215f0585fe6b54c3d1b6e00fb7fd1e,0xa4477af411df13128e724b7f7d1ebd337627a3ff,alto,198,1,1,4,18,18,12821329.0,12821732.0,403.0,0.07033564814814815,sync,0.0,254.0,58.0,107.0,4.354540421390822e+23,114.0,0.44881889763779526,0.5
0x3d98317700c84662325f07dd96b6dd6eccb52608,0x308e019143b560215775a0c6efbd2673413d76e6,alto,102,5,1,10,18,18,10529165.0,13183729.0,2654564.0,409.70341435185185,sync,0.0,294.0,40.0,45.0,1.4748317462310925e+23,137.0,0.46598639455782315,0.16666666666666666
0xbf2b11394d69bba1f75b0f83ce446b6b1fdb87b9,0xcedd636c602da779754286ad6efeef7db99e3b22,alto,336,1,0,2,18,18,12788029.0,13219761.0,431732.0,67.15991898148148,sync,0.0,632.0,71.0,148.0,2.9817464160672034e+33,277.0,0.43829113924050633,0.0
0xfff4a78a3387e1023db9fc2e218364cee6a69c4c,0x5a847b12af47de08e5524d544c7571bfbe7244e0,alto,1466,21,20,64,18,18,12686623.0,13073554.0,386931.0,60.36046296296296,burn,1.0,1477.0,362.0,428.0,6.668527964953642e+21,895.0,0.6059580230196344,0.9090909090909091
0xc0e30ff7e079a6ebb88d068dc27f98517dfb6b0c,0x0cc0d75340c0658ec370859252f40ed92620a807,alto,1502,6,5,18,9,18,10693669.0,12747429.0,2053760.0,316.4090972222222,sync,0.0,1972.0,643.0,706.0,3826412993165939.0,864.0,0.4381338742393509,0.7142857142857143
0xc9cd42b3389a4ec03c1984282fb139514e10b48d,0x1017b147b05942ead495e2ad6d606ef3c94b8fd0,alto,1545,7,5,18,18,18,12139804.0,12972766.0,832962.0,129.33387731481483,burn,1.0,1910.0,390.0,545.0,3.0664062429216326e+19,756.0,0.3958115183246073,0.625
0x09910677864fa144ee86167cd60b60cc3bdb1afe,0x473b17cba1d92fb509dac039050c6a28fe58d798,alto,224,8,4,17,8,18,12569965.0,12637451.0,67486.0,10.454131944444445,burn,1.0,866.0,25.0,71.0,4.282883635220626e+16,676.0,0.7806004618937644,0.4444444444444444
0x5bb7daf7730bec347c8377e6d87850cb3f836213,0x8ee2e854c7d2561d01db2dea06f0d68ed89ed9e6,alto,851,133,74,905,18,18,11108776.0,13074713.0,1965937.0,303.5199074074074,sync,0.0,3599.0,132.0,158.0,1.9521387276643577e+23,2240.0,0.6223951097527091,0.5522388059701493
0xe94272661fd46362e5dd247221e0fc018a298d09,0x9040e237c3bf18347bb00957dc22167d0f2b999d,alto,7615,154,66,498,18,18,12335724.0,13220315.0,884591.0,137.39481481481482,sync,0.0,14290.0,2940.0,3497.0,3.0498900073437943e+26,5065.0,0.35444366689993,0.4258064516129032
0xb2b50df8f1ef5a9b1e5dd4c9dc3966b41314e2a4,0xdfb94eab1465618ab2676be2ac4d87051446a236,alto,128,10,3,17,18,18,12352718.0,12787168.0,434450.0,67.39586805555555,sync,0.0,133.0,28.0,46.0,5.992513432079508e+22,71.0,0.5338345864661654,0.2727272727272727
0xf49c43ae0faf37217bdcb00df478cf793edd6687,0xdd974d5c2e2928dea5f71b9825b8b646686bd200,alto,63569,1105,885,3617,18,18,10091947.0,13218733.0,3126786.0,482.90119212962964,sync,0.0,720154.0,204764.0,213202.0,4.34737072535228e+27,80991.0,0.11246344531864018,0.8001808318264014
0x605363e9520bb2da13a6c0fb2997d61ed397091e,0xc2dbd43045a4bfc21dde0a7a52b02bcebd08b9cc,alto,114,1,0,4,18,18,12953770.0,13101466.0,147696.0,22.84290509259259,sync,0.0,130.0,10.0,93.0,1.0000000019919039e+50,29.0,0.2230769230769231,0.0
0xae63afc7ba4f5aa7ebd0af4ec32ab8d9ff570776,0xda6f3e151596cdc0c504e14932496ab8b2050895,alto,182,1,0,4,18,18,12915755.0,13214148.0,298393.0,46.2759375,sync,0.0,196.0,55.0,86.0,6.387826884154791e+33,74.0,0.37755102040816324,0.0
0x9a6ef76504b719bc11b29ef1b9f0e82f64582f76,0x398dc1c12a268b657abd0cd88999156228acb91a,alto,2191,1,1,6,18,18,12993738.0,13219197.0,225459.0,34.85380787037037,sync,0.0,1816.0,190.0,497.0,3.426035907076255e+26,908.0,0.5,0.5
0x41373f1d2fca31c8d873d1353b2a0233c284a7d6,0x779508466c23622ea40b07b32596adb025c84dfc,alto,158,1,0,2,18,18,12412321.0,13053341.0,641020.0,99.77024305555555,sync,0.0,139.0,36.0,59.0,3.538823681703787e+33,70.0,0.5035971223021583,0.0
0x65119d7865735543c34503de9019299a57a2a42f,0xa4bdb11dc0a2bec88d24a3aa1e6bb17201112ebe,alto,439,7,3,14,6,18,10923293.0,13193052.0,2269759.0,350.54175925925927,sync,0.0,2495.0,456.0,559.0,26500439359600.0,665.0,0.2665330661322645,0.375
0x2bf2f88a914adc1314aaa3a1800b33f6cea825d2,0x8ae4bf2c33a8e667de34b54938b0ccd03eb8cc06,alto,239,10,2,15,8,18,11351795.0,13220060.0,1868265.0,288.6956828703704,sync,0.0,2098.0,822.0,942.0,1.3183328916849752e+16,467.0,0.22259294566253573,0.18181818181818182
0xcc83b6cb25ad148c5d188053458cdc565f0d6444,0x715ce123449786ac44f994ef7a37177c70498f31,alto,291,1,4,10,18,18,11125786.0,11130874.0,5088.0,0.792962962962963,burn,1.0,296.0,4.0,110.0,1.7294758447725524e+25,186.0,0.6283783783783784,2.0
0x20dcb3d39fac7fa186232000cedf036c15a67563,0x89184d8d21e3e2f2c2f8ace2d02c32c25618d4f2,alto,286,1,0,3,18,18,12750125.0,12769655.0,19530.0,3.0328935185185184,sync,0.0,290.0,56.0,78.0,4.915329941609337e+21,184.0,0.6344827586206897,0.0
0xec9eb7af42207a8da12a04ee4b2f2b4b9cb43bd5,0x19042021329fddcfbea5f934fb5b2670c91f7d20,alto,127,6,1,9,18,18,,,,,,,254.0,7.0,194.0,838505000000.0,13.0,0.051181102362204724,0.14285714285714285
0x22d3c7732f386ce7aff3876b164c0cd441095e30,0x640a8c704e0e05bf6d884fa1e39872fb80a10af0,alto,1938,11,6,25,18,18,12734489.0,13144170.0,409681.0,63.79824074074074,sync,0.0,2073.0,329.0,682.0,3.9542535360309165e+24,644.0,0.3106608779546551,0.5
0x6e240cc956dc5d62b2040eee987af53955c594e7,0x92b92f9454bccd62c729d967cac74f54e62d6323,alto,278,1,1,4,18,18,12442459.0,12931693.0,489234.0,76.21980324074075,sync,0.0,284.0,66.0,140.0,5.771569184677081e+21,95.0,0.3345070422535211,0.5
0x49625fdf6ab527b357a98832a6a3deb550b756cb,0x998b3b82bc9dba173990be7afb772788b5acb8bd,alto,641,9,3,16,18,18,11043781.0,13171038.0,2127257.0,328.35931712962963,sync,0.0,3496.0,1013.0,1559.0,2.65885620085742e+28,736.0,0.21052631578947367,0.3
0x63ec6726d5e4615cfcc75988959c36798177fe60,0xa9fbb83a2689f4ff86339a4b96874d718673b627,alto,620,20,6,33,18,18,10097225.0,13210773.0,3113548.0,480.83342592592595,sync,0.0,1723.0,249.0,518.0,1.5150451993590408e+31,475.0,0.2756819500870575,0.2857142857142857
0x49a8923c1ca476a9abecec36ef2cb44f50301640,0xe59064a8185ed1fca1d17999621efedfab4425c9,alto,575,11,8,29,18,18,11270700.0,13139682.0,1868982.0,288.7022337962963,sync,0.0,3872.0,429.0,891.0,2.0181027969361698e+26,1308.0,0.3378099173553719,0.6666666666666666
0xb88ec8c7fc3887454591e0c448323b553245f654,0x9fe16cf3068cfc1341053a5633e01d7e4806835a,alto,103,1,1,4,18,18,12882366.0,12885771.0,3405.0,0.5423842592592593,burn,1.0,105.0,20.0,88.0,3.674037854042787e+27,20.0,0.19047619047619047,0.5
0xd18aea36557ade95d23fb051b68443dd99b1b663,0x59ad6061a0be82155e7acce9f0c37bf59f9c1e3c,alto,1977,128,81,705,18,18,10794024.0,13077462.0,2283438.0,352.4938425925926,sync,0.0,4209.0,463.0,925.0,9.890613354895757e+21,1780.0,0.4229033024471371,0.627906976744186
0xb4c36b752b706836ab90ed4e78b058150ae9ed59,0xde3e18ecb613498b9a1483af51394ec2259bcd0a,alto,773,37,27,178,18,18,11944953.0,12885437.0,940484.0,145.57641203703704,sync,0.0,9187.0,350.0,2171.0,1.2994909788992857e+24,2548.0,0.27734842712528573,0.7105263157894737
0xcb3948e6c8cc96410a5c34593a989cedfbb1ae9a,0xf3dea48690f3e8f7f676cfb2798254d3225b9386,alto,1345,3,3,12,18,18,12879661.0,13214373.0,334712.0,51.989814814814814,sync,0.0,1566.0,330.0,566.0,9.763940357322742e+19,742.0,0.47381864623243936,0.75
0xf43638d2b2849a6d7e9e1b7efb9376a9a2fe5c11,0x48ccd976a4cadd63d8ecdfde4201a7a62894d6f0,alto,193,1,0,4,18,18,12342478.0,12891821.0,549343.0,85.3375462962963,sync,0.0,197.0,59.0,79.0,6.846214170138465e+33,92.0,0.467005076142132,0.0
0x855ef55edbdc9b5d25fb0014412390f56417ab80,0x767b4e3d51068340729ac658bb35927e3ad57b7a,alto,2097,1,2,9,18,18,12692413.0,13064821.0,372408.0,58.091655092592596,sync,0.0,2102.0,428.0,522.0,6.537030977448456e+21,1216.0,0.5784966698382493,1.0
0x33519e5521c7b9298a54e73e4878d37e35e2a3e2,0xbccbea22eb26be71f478e459117095ae39f2dee3,alto,136,1,0,4,18,18,13063951.0,13065750.0,1799.0,0.26231481481481483,sync,0.0,147.0,21.0,99.0,7.949036679793529e+32,29.0,0.19727891156462585,0.0
0x18e12dfc645e25bdb54717eac23737b4de2aeafe,0x72b2bb8a3bfb5a0bf0c2e145fdc82bcc7fd5f6d9,alto,451,4,0,7,18,18,10737762.0,11487824.0,750062.0,115.38055555555556,sync,0.0,457.0,14.0,53.0,1.7203158681526515e+26,392.0,0.8577680525164114,0.0
0xfc74ecdee4e9fff2f2ef4cdf4f1c777b2ef0e905,0x0763fdccf1ae541a5961815c0872a8c5bc6de4d7,alto,11046,364,212,821,18,18,10590454.0,13219278.0,2628824.0,405.738287037037,sync,0.0,19102.0,3135.0,6334.0,7.073348746441546e+26,5701.0,0.2984504240393676,0.5808219178082191
0xb4f1165b5e1bd0944faf28e71480c18a753b5d99,0x293453c85b066a90b5b655cdf2b1259b94849442,alto,405,1,1,7,18,18,12589404.0,12627935.0,38531.0,5.966851851851852,burn,1.0,411.0,108.0,144.0,485338521218052.0,238.0,0.5790754257907542,0.5
0x8fa5ed2073a1a5497d87c6d9c80320183c8dcfa0,0xf58c4fc29d607949698f9b6c468632e3994dd0bf,alto,597,2,2,7,18,18,12673005.0,12805217.0,132212.0,20.60255787037037,sync,0.0,653.0,4.0,549.0,2.3098575311489074e+29,64.0,0.09800918836140889,0.6666666666666666
0xfa5e14a4a3bb92b78c048af27a6916d523eecc8f,0x38d24e971187004bc4ccda0fdef37c8286a4ed0b,alto,804,1,0,3,18,18,12458382.0,13077120.0,618738.0,96.30924768518518,sync,0.0,821.0,198.0,265.0,2.9676875553240896e+24,358.0,0.43605359317904996,0.0
0x48ab310d99ab53ff9e4b2b8afb321a68dc369555,0xf4307928b4f1581c1b50b1cf7850ecfe41a10a5b,alto,196,1,2,8,18,18,12300189.0,12440703.0,140514.0,21.68482638888889,burn,1.0,227.0,73.0,98.0,5.054034255274373e+33,105.0,0.46255506607929514,1.0
0x01f8989c1e556f5c89c7d46786db98eeaae82c33,0xcb5f72d37685c3d5ad0bb5f982443bc8fcdf570e,alto,10395,199,176,634,18,18,11279563.0,13215575.0,1936012.0,299.0817592592593,sync,0.0,32194.0,2705.0,2876.0,9.522492245699013e+23,19242.0,0.597689010374604,0.88
0x8ae735c9517f5b9cade5e814dfc86a5aa640542d,0xc2dae0c44039b84dad6b7cb82d4b38ebf6af7780,alto,1514,110,89,295,18,18,11307341.0,11677061.0,369720.0,56.7646875,sync,0.0,4443.0,332.0,373.0,979247602.0,2617.0,0.5890164303398605,0.8018018018018018
0x93ca56ddabff706ba8f4b57633bd057cadd3c897,0xb49009a69f3f96a2c49d23fc89f82368d5a84fb7,alto,616,1,0,4,18,18,10725826.0,12955286.0,2229460.0,344.04614583333336,sync,0.0,623.0,174.0,234.0,2.67401244741135e+27,269.0,0.4317817014446228,0.0
0xd7135f336918387da100c937492356fcdbd326de,0x8bf071c3d98cc820d64bc45f4eb1262607a78956,alto,270,1,18,41,18,18,12524413.0,13062292.0,537879.0,83.77422453703704,burn,1.0,293.0,85.0,106.0,4.570149054084923e+21,148.0,0.5051194539249146,9.0
0x3d1cb7638d73657f7e554eda1d97703bc29d3c15,0xa585cb4e6e833d6fa55a992e75b9ee0743b23d69,alto,185,12,5,38,8,18,10830056.0,13218829.0,2388773.0,368.839837962963,sync,0.0,259.0,71.0,88.0,853066363506.0,136.0,0.525096525096525,0.38461538461538464
0x344a112bc86da6c6e6466dd19cea281c0f5fdfe2,0xa5ab0a31c34bce7c30a44edbecd685ca9039152f,alto,330,1,1,4,18,18,11297802.0,11304168.0,6366.0,0.9672222222222222,burn,1.0,453.0,14.0,147.0,8.419609246843653e+23,180.0,0.3973509933774834,0.5
0x2479c5269498f2680b6901a9179baede817fa8fa,0xd8719a522eac8bfbd86e5b12433b6f8ab17b7470,alto,94,1,1,4,18,18,12355804.0,12355834.0,30.0,0.0043518518518518515,burn,1.0,99.0,32.0,63.0,1.4673193787549e+33,36.0,0.36363636363636365,0.5
0x9a8a5824d14744f4a92e9122b87e5051d32c81f1,0x2d7ef5876d4173922d5a7fcc6978c24d815dae3b,alto,318,2,2,7,18,18,10683778.0,10684412.0,634.0,0.09458333333333334,burn,1.0,332.0,88.0,148.0,9.74408878152379e+23,135.0,0.4066265060240964,0.6666666666666666
0x0c2445bec45c443c58f44f8e0a5796960e052d63,0xf938424f7210f31df2aee3011291b658f872e91e,alto,44973,810,618,3721,18,18,12039228.0,13220287.0,1181059.0,183.05927083333333,sync,0.0,218731.0,11577.0,14484.0,1.0366989382625646e+27,24302.0,0.11110450736292524,0.7620221948212084
0xbb2b8038a1640196fbe3e38816f3e67cba72d940,0x2260fac5e5542a773aa44fbcfedf7c193bc2c599,alto,412103,24017,16547,99705,8,18,10091132.0,13220456.0,3129324.0,483.2967476851852,sync,0.0,2415182.0,142474.0,157924.0,1054232839180054.0,342479.0,0.14180256394756172,0.6889416271129986
0xed394ef77bdeb1e9bf6d76ad59baac3afb65c189,0xc47e5efe35397007d94b9d6b1f68565df148d73c,alto,331,11,3,20,18,18,10789999.0,12335277.0,1545278.0,237.72736111111112,sync,0.0,348.0,79.0,108.0,3.715355029657101e+23,176.0,0.5057471264367817,0.25
0xe875d87b63df4129182e582bfe8b46240ee5d83f,0xd6c67b93a7b248df608a653d82a100556144c5da,alto,6975,5,4,17,18,18,10775577.0,13218953.0,2443376.0,377.19984953703704,sync,0.0,11864.0,1863.0,1951.0,1.0763495895918378e+25,4223.0,0.35595077545515846,0.6666666666666666
0x75c5321d8e6e6b5ab0fc697e0da350ae254d449d,0x8e45ba65b67674d359eb87364981fa50579a0606,alto,717,7,4,19,18,18,10875655.0,11535594.0,659939.0,101.57576388888889,sync,0.0,1060.0,111.0,353.0,1.1441566858530326e+25,383.0,0.3613207547169811,0.5
0x86612ead4493c1f72bff66a686a481a379832ca5,0xe1240ac7bb51333510cbf37efd678ca46137f84b,alto,1832,249,138,928,18,18,11113799.0,12714271.0,1600472.0,246.52166666666668,sync,0.0,3224.0,354.0,412.0,5.151342709632685e+24,1349.0,0.418424317617866,0.552
0x3127bbbc05f343192855ea40b54a34831ce72e04,0x4d75d9e37667a2d4677ec3d74bdd9049326ad8d6,alto,6046,29,20,115,18,18,12062517.0,13215609.0,1153092.0,178.74224537037037,sync,0.0,7004.0,1305.0,1620.0,7.505930452647367e+24,3262.0,0.4657338663620788,0.6666666666666666
0xde8f1524809971c4a9a7906f234b807a86fcdfcb,0xb29c509b7626ddef4be9a5abc1fe4e54de00a4a2,alto,296,1,1,4,18,18,12583426.0,12583478.0,52.0,0.008981481481481481,burn,1.0,310.0,65.0,213.0,6.205112436586953e+26,71.0,0.22903225806451613,0.5
0xcd6bcca48069f8588780dfa274960f15685aee0e,0x88acdd2a6425c3faae4bc9650fd7e27e0bebb7ab,alto,82954,9964,2428,31129,18,18,11881207.0,13220475.0,1339268.0,207.42581018518518,sync,0.0,104660.0,14650.0,21641.0,2.108235372188825e+25,40178.0,0.38389069367475637,0.24365278474661314
0xc0342b8f697101e7e2a8a06e55c7747b4096dbbf,0x988d9cae135eedf5b2a00c5803aa688bedd02253,alto,490,1,1,7,18,18,13090948.0,13108785.0,17837.0,2.7628125,burn,1.0,501.0,95.0,129.0,4.650093633949994e+25,279.0,0.5568862275449101,0.5
0x1ab24a692eff49b9712ceacdef853152d78b9050,0xbc81bf5b3173bccdbe62dba5f5b695522ad63559,alto,6122,22,10,45,18,18,11623405.0,13055934.0,1432529.0,221.6007175925926,sync,0.0,7282.0,1797.0,2016.0,2.7121121180025666e+25,3116.0,0.4279044218621258,0.43478260869565216
0x634ce8ea4d402df4adc671d525027c4a0fd75977,0xded925e8563c03d77d18b7a223aeda577c65f0fc,alto,163,5,3,17,18,18,10815472.0,11086187.0,270715.0,41.81980324074074,sync,0.0,357.0,40.0,42.0,30191236753544.0,181.0,0.5070028011204482,0.5
0x7f0ddb40ac650dff6c43d8fed2f2c217aad0f577,0x66df04d40a2d35b491ff30c9df0c7907552ae3e9,alto,221,1,0,4,18,18,12596276.0,12612766.0,16490.0,2.552962962962963,sync,0.0,224.0,3.0,202.0,1.15867519969987e+31,9.0,0.04017857142857143,0.0
0x2fe5f1728abd3bc788ff04ead81c918e2c15bded,0xaf2cfa3d6369cd6675ed5a516dadf99f032f25cd,alto,550,26,1,31,18,18,11615773.0,12843932.0,1228159.0,189.690625,sync,0.0,1018.0,117.0,156.0,6635400520931421.0,716.0,0.7033398821218074,0.037037037037037035
0x189cdb9612d8f37a9fc9c63d35acebf6c7b31d24,0x23996b50edc117c51c3c7176cfcb603c346e992e,alto,222,6,5,17,18,18,10309418.0,11604151.0,1294733.0,199.428125,sync,0.0,288.0,62.0,73.0,6.075323444405907e+25,148.0,0.5138888888888888,0.7142857142857143
0x44db937d83f2e480aac453f851caf373b607054d,0x4cd647a09a7198fab0e6e85442732479e3be7ab9,alto,558,1,1,6,18,18,12300463.0,13186616.0,886153.0,137.61011574074075,sync,0.0,578.0,167.0,229.0,2.481131882233726e+23,264.0,0.45674740484429066,0.5
0xc6be4e275877c4e6b724d81b0b30aa2b0096fefd,0xa769b3603cdcf23729ebafeb834d28d273c110cd,alto,177,1,0,4,18,18,11121795.0,11900839.0,779044.0,119.67815972222222,sync,0.0,427.0,81.0,83.0,2.188049992449136e+20,322.0,0.7540983606557377,0.0
0xcd83d2e2315e8031e296f87d148ebf8984d28986,0xa8d0f2cd10ee81378872ab0d22d42be986881d90,alto,335,11,7,43,18,18,10971087.0,12807879.0,1836792.0,283.14042824074073,sync,0.0,604.0,133.0,301.0,3.183923577385472e+21,215.0,0.35596026490066224,0.5833333333333334
0x3b372fea00dffbb1f25565cedb367212de253e82,0x42c91e627a58e35e3e9b4161a3a6c378220c4391,alto,289,1,1,6,18,18,13103291.0,13210855.0,107564.0,16.636481481481482,sync,0.0,285.0,43.0,76.0,4.302736867138462e+26,143.0,0.5017543859649123,0.5
0x086bbd1e4cc818de52ee57198120ccf270b3bb22,0x2394bff6fc12a206330517ae7240c39fb087e7c6,alto,295,1,2,12,18,18,12634324.0,12832073.0,197749.0,30.81545138888889,burn,1.0,305.0,127.0,143.0,1.271176431457161e+30,143.0,0.46885245901639344,1.0
0xc9b7c3ba45ee5c3c2c8629b157c0e814c36d9b46,0x7930d45a9ed754396da3a0c864f951ae84ceaa35,alto,3664,5,1,9,18,18,12634880.0,12989042.0,354162.0,55.35270833333333,sync,0.0,7533.0,878.0,1265.0,3.566920706590053e+21,5558.0,0.7378202575335192,0.16666666666666666
0x9bd4a0bbda2f333a60c7fb6368cdd21d7a100dfb,0xcadb96858fe496bb6309622f9023ba2defb5d540,alto,1130,11,9,30,18,18,11195107.0,12605899.0,1410792.0,217.18599537037036,burn,1.0,381139.0,34295.0,69423.0,5.024486506358232e+28,80376.0,0.21088369335071983,0.75
0xdde4729b669df4880c257e9551ae1d83c36a80ec,0x0271b6b5bc3e3ab74afdc8ca39481220588b8afb,alto,505,6,1,9,18,18,12793302.0,12804766.0,11464.0,1.7814351851851853,burn,1.0,560.0,94.0,190.0,1.973361972067378e+26,290.0,0.5178571428571429,0.14285714285714285
0x9103f42cf44dde77473d9bd27d742988a5b3129e,0x0f5a5b5a2ba791dfe60b64b989ce3e3d69cbeccf,alto,190,1,0,4,18,18,11062107.0,13029014.0,1966907.0,303.623587962963,sync,0.0,227.0,85.0,95.0,5.257528602722764e+27,115.0,0.5066079295154186,0.0
0x3dcc45293513bc2a3cf905e34cfd77a2e26d5b88,0x33ce187c8dca7b4ddeea85e5f78761f3ca26567b,alto,113,1,1,4,18,18,12589107.0,12589135.0,28.0,0.004212962962962963,burn,1.0,116.0,14.0,65.0,2.7735061612342254e+23,31.0,0.2672413793103448,0.5
0xff40805f099e74716d72c4ad03a8a8713c8b1940,0xe5b0792400a47af372486704eda0f1799ee83f54,alto,3571,37,31,162,18,18,11158529.0,13132962.0,1974433.0,304.8877430555556,sync,0.0,3840.0,1122.0,1180.0,1.0683836446008068e+24,1820.0,0.4739583333333333,0.8157894736842105
0x6aeebc2f5c979fd5c4361c2d288e55ac6b7e39bb,0x1beef31946fbbb40b877a72e4ae04a8d1a5cee06,alto,30547,324,235,842,18,18,10091578.0,13219502.0,3127924.0,483.0790162037037,sync,0.0,41032.0,8629.0,10805.0,6.517203169130174e+27,15011.0,0.365836420354845,0.7230769230769231
0x79753c202b6c46d933e2a5071316a2ecd406af5e,0x9490ec34e8bcf11151dff5e36d08b396e6cc2267,alto,947,1,0,3,18,18,12635689.0,12978506.0,342817.0,53.60446759259259,sync,0.0,956.0,157.0,252.0,5.679792149437309e+21,558.0,0.5836820083682008,0.0
0x337c74a59823bd2dfa79b5327eff9171f7711887,0x79579a3c2a3bd4c4881017ae53af0f73c31f9af5,alto,2312,25,19,70,18,18,11416306.0,12959192.0,1542886.0,238.4474189814815,burn,1.0,2427.0,464.0,550.0,2.4267039338028058e+17,1122.0,0.4622991347342398,0.7307692307692307
0x287f1e39fb14934a6af9cdd859818454d5b13ba7,0xb01862d0830bcd7775a88625253d12d2c51a110a,alto,3155,532,197,1671,18,18,11034434.0,12046890.0,1012456.0,155.53349537037036,sync,0.0,14074.0,509.0,1582.0,8.975510890383363e+33,7931.0,0.5635213869546681,0.3696060037523452
0xa8208da95869060cfd40a23eb11f2158639c829b,0xc9fa8f4cfd11559b50c5c7f6672b9eea2757e1bd,alto,1339,1,0,3,18,18,12899491.0,13215538.0,316047.0,49.0775,sync,0.0,1340.0,300.0,390.0,9.234617542265385e+25,639.0,0.47686567164179106,0.0
0xe8573ace1f7fc33068153f96e01b620928741d80,0x96ec11b577ff587beae59c86bc6d7499cf1ff620,alto,423,1,1,7,18,18,12635128.0,12881236.0,246108.0,38.38991898148148,sync,0.0,427.0,117.0,133.0,4.298096205781164e+21,257.0,0.6018735362997658,0.5
0x77467a35db88686fb078beda7de293cd1652f364,0x2bd6d9a13b2294dea7198174a592b7c25001c4fc,alto,104,1,0,4,18,18,11765824.0,11784259.0,18435.0,2.839675925925926,sync,0.0,111.0,10.0,33.0,1.0000000079849992e+29,49.0,0.44144144144144143,0.0
0x1964b39279625989ef14697a76b730718b9ee6ed,0xe85e3b73eff4873d99de238a9cb256df847b803d,alto,9040,5,3,16,18,18,12298237.0,13206348.0,908111.0,141.0248611111111,sync,0.0,9122.0,1887.0,2622.0,1.209050904721917e+34,4087.0,0.44803771102828327,0.5
0xa6f3ef841d371a82ca757fad08efc0dee2f1f5e2,0x0000000000004946c0e9f43f4dee607b0ef1fa1c,alto,74235,400,288,1159,18,18,10131131.0,13220139.0,3089008.0,477.0282638888889,sync,0.0,2546400.0,41996.0,19912.0,130497436.0,2329439.0,0.9147969682689286,0.7182044887780549
0x29377725393edb2077533a58f6846cd6700069c8,0x1c6178ae715ce8e91812779c6486ee53243abd41,alto,1059,196,0,198,18,18,,,,,,,,,,,,,0.0
0xc139781401858c7f09b6297877e4eba99ced1ea3,0xd98ba946f0436ce7587cbb49c5d71f7c8a79b87f,alto,765,1,0,3,18,18,13216126.0,13220488.0,4362.0,0.6710995370370371,sync,0.0,519.0,90.0,212.0,3.0626747078363647e+21,217.0,0.41811175337186895,0.0
0x8f86981955cd59e512150d0dd1425748e556a9d9,0xe179198fd42f5de1a04ffd9a36d6dc428ceb13f7,alto,530,22,15,90,18,18,11008363.0,12627483.0,1619120.0,249.23854166666666,mint,0.0,6789.0,1303.0,1333.0,2.2104822357728284e+24,3181.0,0.4685520695242304,0.6521739130434783
0x5e0edbfb8d438d97bdf4e7efdd22c1e8cfeb1cf0,0x47b4df272ef96b85a9a1ac4713f0286142a26672,alto,227,3,3,10,18,18,11123491.0,11130356.0,6865.0,1.0617361111111112,burn,1.0,231.0,4.0,116.0,1.3078877489310607e+27,115.0,0.49783549783549785,0.75
0xa489109ae51c73ea816f33bcfc0d1765ff6a0711,0xa299cfd39fae53cf0863eb4c5e804c1a5a35b39e,alto,95,1,1,7,18,18,11139578.0,11146021.0,6443.0,0.9888194444444445,burn,1.0,195.0,39.0,45.0,5.213469063002451e+22,147.0,0.7538461538461538,0.5
0x1faac12d55369ee4125c2bb8860ff27b6b8095ff,0x7c8a7ad01aceff97b4dff7b87fc55c28f11da827,alto,1964,2,2,9,18,18,12472542.0,13206949.0,734407.0,114.19023148148148,sync,0.0,2004.0,557.0,774.0,8.113613909942971e+24,828.0,0.41317365269461076,0.6666666666666666
0x6423910b93abda0679532bfdad3278ad347662f9,0xa4e7414fcba1af15203030c6daac630df8f16aea,alto,4718,83,50,455,18,18,10997759.0,13217247.0,2219488.0,342.6707523148148,sync,0.0,6579.0,1313.0,1679.0,4.1023378346508434e+23,2684.0,0.4079647362821097,0.5952380952380952
0x6507ba0f3eb82cba185c088a3fbd0435f1a73b28,0xbd6467a31899590474ce1e84f70594c53d628e46,alto,9658,42,29,112,18,18,10208220.0,11868796.0,1660576.0,255.76721064814814,burn,1.0,45981.0,6760.0,10405.0,1.465342278961085e+28,9985.0,0.21715491181140037,0.6744186046511628
0x7bf1b949360623e2548e9d8be5c38b9ba06b8392,0x6589fe1271a0f29346796c6baf0cdf619e25e58e,alto,1303,15,8,33,18,18,11413010.0,12903227.0,1490217.0,230.0861111111111,sync,0.0,4471.0,636.0,1002.0,2.083503301559877e+26,2128.0,0.4759561619324536,0.5
0x20228100b9c0bb28978087124e3afc36a99fa5cf,0x53c04c2cec60b08db00100de5408e8c1b6f19f27,alto,113,1,0,2,18,18,11133224.0,11134920.0,1696.0,0.2561921296296296,sync,0.0,188.0,35.0,139.0,1.393789259496033e+22,40.0,0.2127659574468085,0.0
0xfdc3f68af20d56e05ad0c7eb51da4a3f7d753a04,0x18a4979bbb4c88275d4575d66b9c9cd6bea0cd5e,alto,4097,28,21,71,18,18,10226786.0,13124254.0,2897468.0,447.3459837962963,sync,0.0,4269.0,662.0,858.0,9.887860039588335e+26,1885.0,0.44155539939095806,0.7241379310344828
0x68041c33d24f5e0a6cbd69ded90fce5b83129a9f,0x73a1b2c508002f1d6a9c6cec097f0e7f3c4f23f3,alto,105,1,0,4,18,18,,,,,,,,,,,,,0.0
0x946550e8b2bfba6b9731535bea9aa461b9e4a8f2,0xa050cd2448cdcbbda7ca673e12747e6f2543b36b,alto,108,1,1,6,18,18,12968131.0,13067803.0,99672.0,15.384641203703703,burn,1.0,109.0,26.0,37.0,4.977788882247069e+19,68.0,0.6238532110091743,0.5
0x2e06db3dfe1430d11843810f620b78b5740fa6c8,0x1ce37f6582ad1326faba0c679fb74aaab036d2ab,alto,139,1,1,4,18,18,10961530.0,10987374.0,25844.0,4.039583333333334,burn,1.0,153.0,52.0,67.0,8.285899871668725e+21,74.0,0.48366013071895425,0.5
0x1d451ef8774bb0d9ca624a481cefe15de5633d19,0x957919528e80c00b8143f68823c397d59249513e,alto,237,1,1,6,18,18,13197761.0,13214421.0,16660.0,2.5728819444444446,sync,0.0,232.0,53.0,80.0,4.59444355100731e+20,131.0,0.5646551724137931,0.5
0x774888e8aab97b691019f11042110a490f86deac,0xf0196985601598a35a48606b643fd2c34fb861e1,alto,2470,3,2,12,18,18,11328876.0,13061458.0,1732582.0,267.68453703703705,sync,0.0,5550.0,479.0,549.0,4.5273422932183945e+26,3944.0,0.7106306306306306,0.5
0xfbc328849d09b97391b98d54addf8c87650a61d6,0x284399c033bd1c4ec811ed6ea1f1a8a1f18d7541,alto,141,4,4,13,18,18,10752043.0,10766839.0,14796.0,2.2736111111111112,burn,1.0,291.0,44.0,66.0,1.8469751210673176e+23,207.0,0.711340206185567,0.8
0xf38ebe74c8a29ce9c17ac02684c0874f8f009e30,0x90d938022690dd03bbc631ac6485d7aeabca787e,alto,140,1,1,6,18,18,11819448.0,12834020.0,1014572.0,156.82046296296295,burn,1.0,169.0,64.0,72.0,360442239675437.0,88.0,0.5207100591715976,0.5
0x54572fda1844ab7c674ba151c67e7d9881f2b276,0x35baf3cb842394c52accbef27ec83f43495aa333,alto,344,56,54,603,18,18,10542166.0,12304342.0,1762176.0,271.12355324074076,mint,0.0,590.0,23.0,23.0,4.612703493746148e+20,313.0,0.5305084745762711,0.9473684210526315
0xce02c656513f15f1420a06a4b33eddd1cf75713c,0x86c21c7440709d2aa5f81f55cfab1be671a05604,alto,422,1,0,4,18,18,13065749.0,13212402.0,146653.0,22.679270833333334,sync,0.0,718.0,101.0,132.0,5.278273443298891e+27,518.0,0.7214484679665738,0.0
0xf64bd0997aafb15a3b1d1af5524440d57489bfca,0x972bab7a581ef98312386ab42470acff11b09b88,alto,1009,1,0,3,18,18,12994417.0,13053254.0,58837.0,9.093703703703703,sync,0.0,1014.0,176.0,296.0,5.522611301489709e+21,514.0,0.5069033530571992,0.0
0x44ce79f6cf006ae390d4358e5bbbff4de6eb6148,0x75389254ebfd88311d15b1e00d610b120627e6fa,alto,253,49,0,50,18,18,12921607.0,13180160.0,258553.0,40.09200231481481,sync,0.0,955.0,96.0,118.0,3.249747043289592e+24,826.0,0.8649214659685864,0.0
0x764cc763c5cb0e0d337c9afb15164e6d18431506,0x0e00085666cad372139514c97c872d36cc71f0a5,alto,941,1,3,8,18,18,12434276.0,12440054.0,5778.0,0.8933217592592593,burn,1.0,989.0,5.0,820.0,3.260045463196579e+27,66.0,0.06673407482305359,1.5
0xb4be397d358438b800a777b50668b45baa6bfd3c,0x441030078ced84347e067beec402de5a7653414e,alto,124,1,1,7,18,18,11229968.0,11233766.0,3798.0,0.5899421296296297,burn,1.0,255.0,50.0,56.0,2.0397767872453416e+22,193.0,0.7568627450980392,0.5
0x410110e02b07f8dfa29463a667ba5c7118d38e56,0x9ff6750ca0b47fada9feb7a375ac0a049850584d,alto,292,2,2,10,18,18,11149184.0,11161295.0,12111.0,1.858263888888889,sync,0.0,481.0,86.0,104.0,8.403090589185643e+21,319.0,0.6632016632016632,0.6666666666666666
0x3e7ac3dfe933d3027a5968be23c624f1309b1b02,0x464ebe77c293e473b48cfe96ddcf88fcf7bfdac0,alto,2511,48,36,180,18,18,10597998.0,13220403.0,2622405.0,404.74210648148147,sync,0.0,21229.0,4912.0,9594.0,1.3395358347081512e+26,3304.0,0.15563615808563758,0.7346938775510204
0xc286b01bea053a35dfabd87e88cafe57649f138e,0x45e49873d49e36d93a28d0837f50568495ca0170,alto,429,1,0,6,18,18,12703124.0,12852611.0,149487.0,23.333402777777778,sync,0.0,431.0,89.0,126.0,6.077830682724833e+27,241.0,0.5591647331786543,0.0
0x9eda86b4049b0f586cc6a37ef85584101093020f,0xa47861219642c8214d4f5f21cf9891f238ca07cb,alto,1939,1,0,4,18,18,12550360.0,13061938.0,511578.0,79.6989699074074,sync,0.0,1947.0,191.0,268.0,4.643862264080962e+21,815.0,0.41859270672829996,0.0
0xd567dac05a92f0b6d1a40321f9fd92e9be04898a,0x8fcfad991abb23589418cc552039a98ca6c544bb,alto,100,7,4,16,18,18,10617978.0,10839597.0,221619.0,34.03464120370371,burn,1.0,175.0,14.0,87.0,2.004677368265791e+16,68.0,0.38857142857142857,0.5
0x7788570f6e6ef748540f751809c02b3ef718e420,0xc6c2d96ee4c55bab51fe6b0b9aa40032abe65180,alto,373,12,2,19,18,18,11773086.0,12633089.0,860003.0,132.65334490740742,sync,0.0,748.0,106.0,147.0,6.0069655984887036e+29,543.0,0.7259358288770054,0.15384615384615385
0x12cacb34893acdd2114c44077728ecb00d26e57f,0xf5a562597d5fb5cc19482379755e1a5275a6607b,alto,999,2,2,7,18,18,11104440.0,12546209.0,1441769.0,221.8679398148148,sync,0.0,1627.0,355.0,433.0,2.1605361717101336e+16,603.0,0.37062077443146896,0.6666666666666666
0x683ea972ffa19b7bad6d6be0440e0a8465dba71c,0x4e110603e70b0b5f1c403ee543b37e1f1244cf28,alto,112,17,14,47,18,18,11500062.0,12292603.0,792541.0,121.8919675925926,burn,1.0,200.0,44.0,48.0,9.706132903667184e+21,89.0,0.445,0.7777777777777778
0x5088797005d8d76b45d850513e69ed8ae88fafad,0x265ba42daf2d20f3f358a7361d9f69cb4e28f0e6,alto,10312,36,17,83,18,18,10303849.0,13014071.0,2710222.0,418.38916666666665,sync,0.0,5296.0,971.0,1087.0,5.496305622933955e+25,2592.0,0.48942598187311176,0.4594594594594595
0x31f8978879c824ea73ae972e46046f90aecc38a9,0x72dd4b6bd852a3aa172be4d6c5a6dbec588cf131,alto,162,3,0,4,18,18,11344785.0,13155262.0,1810477.0,279.73186342592595,sync,0.0,3366.0,1592.0,1530.0,8.832410169701927e+25,931.0,0.2765894236482472,0.0
0xfd381b49ce9b38defdebbf67faa70179294d9160,0x79445ad0f44380e03c9733e81075aa4c20b91bdc,alto,1717,5,2,12,18,18,12762782.0,13049467.0,286685.0,44.76611111111111,sync,0.0,1715.0,417.0,482.0,5.064747323907451e+21,988.0,0.5760932944606414,0.3333333333333333
0x62f22a47e5d2f8b71cc44fd85863753618312f67,0xe0ad1806fd3e7edf6ff52fdb822432e847411033,alto,26656,2527,1213,11662,18,18,11497486.0,13214066.0,1716580.0,265.3692013888889,sync,0.0,112355.0,5809.0,7697.0,1.3949686002752102e+26,53303.0,0.4744159138445107,0.4798259493670886
0x8791820f7f8e770819aaf534e228eca2a0d82de9,0x605da996ef24e84f7b3baf8df6926c260c7a90a6,alto,855,3,2,10,18,18,11819153.0,12926674.0,1107521.0,171.43510416666666,sync,0.0,886.0,205.0,321.0,2.2794048777299052e+26,405.0,0.45711060948081267,0.5
0xc03c6f5d6c5bf2959a4e74e10fd916b5b50bf102,0x9992ec3cf6a55b00978cddf2b27bc6882d88d1ec,alto,14881,84,55,272,18,18,10607374.0,13220465.0,2613091.0,403.3042824074074,sync,0.0,153641.0,33735.0,37868.0,9.617933706865781e+27,22954.0,0.1494002252003046,0.6470588235294118
0x5347f9b60de5669197e0b537a7df02092171e71a,0x8c09394479c20a3fc240a7877d1983fa63dbd609,alto,2094,6,4,17,18,18,10934775.0,12970859.0,2036084.0,314.44903935185187,sync,0.0,4297.0,535.0,581.0,2.357037731930694e+21,3135.0,0.729578775890156,0.5714285714285714
0xcab335e1964363e48a790da303b74ec02d3f8fb2,0x9695e0114e12c0d3a3636fab5a18e6b737529023,alto,31981,26,19,82,18,18,12406918.0,13220363.0,813445.0,126.40869212962963,sync,0.0,43222.0,6198.0,9144.0,4.454108014166091e+26,18371.0,0.42503817500347046,0.7037037037037037
0x10f4caa8c4c18e17a3501cfed28dab6f9fa870a3,0x4819a96eb4b22454d628cd683ae052c2c9076808,alto,1264,13,8,50,18,18,11460391.0,13017980.0,1557589.0,240.7548611111111,sync,0.0,2760.0,427.0,491.0,7.921972906286213e+22,1198.0,0.4340579710144927,0.5714285714285714
0xcf33e32f0bad9da90d2f8240b7c269a9371f95b5,0x794d1342dade3eee94ec0fbca83537d96ab4ed5c,alto,118,1,1,6,18,18,12865370.0,12890212.0,24842.0,3.880798611111111,burn,1.0,120.0,37.0,40.0,5.097202649802847e+21,79.0,0.6583333333333333,0.5
0x8fec35df7f0410d7b70c3de7349f66e0eb19fd94,0x5c1703db906f3e244531b328fecd2e5dd3e2d066,alto,114,1,1,4,18,18,11413872.0,11421109.0,7237.0,1.0976504629629629,sync,0.0,232.0,17.0,137.0,2.014974751162737e+27,51.0,0.21982758620689655,0.5
0x86956e8056626d451b27271c8dedc5bc3df33b49,0xe1994856f974f4d5ec9262bfce8997c651b55231,alto,2453,13,6,28,18,18,10790641.0,12971248.0,2180607.0,336.6159259259259,sync,0.0,2847.0,577.0,1180.0,1.1862979151799486e+24,910.0,0.319634703196347,0.42857142857142855
0x2485997721cb5b22d90e292893999457fafe2a50,0x132645ff6b21f71d08ab73d8761beedfa58bdaac,alto,131,1,1,4,18,18,11124952.0,11125344.0,392.0,0.056979166666666664,burn,1.0,133.0,4.0,100.0,1.76907018337142e+24,36.0,0.2706766917293233,0.5
0x7c7db98d76c157914a87fead350d3c960322f7eb,0xcd699cd935bd16755bec859ac52284a2cdf3e781,alto,483,1,1,7,18,18,11088183.0,11114347.0,26164.0,4.016226851851852,burn,1.0,1111.0,208.0,230.0,2.267634163287788e+21,807.0,0.7263726372637264,0.5
0x3006c0d2a6e54d3590a44384c6f066c9cf9a4cea,0x08d967bb0134f2d07f7cfb6e246680c53927dd30,alto,6631,87,65,386,18,18,10115253.0,13215203.0,3099950.0,478.73118055555557,sync,0.0,22576.0,3305.0,4557.0,4.999917104570384e+26,5307.0,0.23507264351523743,0.7386363636363636
0x4971e8bbd26cf72275b30d019f777318c441199c,0xeecca97eb53f45a5e9bc4913fa5ae6c24f03b374,alto,278,1,0,3,18,18,12408571.0,12951060.0,542489.0,84.50729166666666,sync,0.0,287.0,106.0,127.0,2.876559409732351e+32,135.0,0.47038327526132406,0.0
0x7855a3d508f532f75f64460ebacaa931f8567ce9,0x532b7339d36b3806ba5410ce29eaec19029555ea,alto,309,1,1,7,18,18,11492271.0,13125902.0,1633631.0,252.53403935185185,burn,1.0,615.0,97.0,101.0,110455494140840.0,416.0,0.6764227642276422,0.5
0xcba8b5d8dc6333e7a4b5156aaf5c4e7496da4d02,0x15d483fb539383d0359cdfecaef3ea6e9e526f6b,alto,112,1,1,4,18,18,12765782.0,12766393.0,611.0,0.09436342592592592,burn,1.0,120.0,10.0,39.0,2.4892540898693735e+33,28.0,0.23333333333333334,0.5
0x3d716c4e7f0aa26fe11b5d9dc4a3ca7dc02d1260,0xfd6c31bb6f05fc8db64f4b740ab758605c271fd8,alto,702,17,11,40,18,18,11710842.0,13220056.0,1509214.0,233.56274305555556,sync,0.0,3910.0,727.0,1503.0,7.074394786723737e+25,618.0,0.15805626598465472,0.6111111111111112
0x300d97e471989223daa4f1bb8d6e6dc72469a465,0x69fa8e7f6bf1ca1fb0de61e1366f7412b827cc51,alto,4659,11,3,18,18,18,12173337.0,13220465.0,1047128.0,162.4400925925926,sync,0.0,5212.0,1129.0,2266.0,2.808092809898525e+16,1655.0,0.31753645433614736,0.25
0x9dcaea4c4fc85cc9cd373af846f3dbf1c7e43f82,0x0c2590e2997da90da19664dfdef98722ef05889c,alto,802,1,1,6,18,18,12842349.0,13073461.0,231112.0,36.04996527777778,sync,0.0,801.0,43.0,71.0,3.2068698337070583e+24,417.0,0.5205992509363296,0.5
0x811ea61c789d462467bfc31cee7ecfe1ea98caaf,0xb8b7791b1a445fb1e202683a0a329504772e0e52,alto,3938,30,23,77,2,18,10420344.0,13042453.0,2622109.0,404.7297337962963,sync,0.0,5360.0,1215.0,1976.0,1608228730116.0,1959.0,0.3654850746268657,0.7419354838709677
0x7a57a25cbd95b741aa3e27d029c8138af890e6da,0x0e4e860f8bdc0a494cc9c4649ba1d0291d8d5f6b,alto,234,2,2,10,18,18,12293292.0,12882542.0,589250.0,91.47856481481482,burn,1.0,240.0,55.0,78.0,8.557379097600167e+24,91.0,0.37916666666666665,0.6666666666666666
0x59d4a73b2edcde7d2e0edeaae118622e1ee109fc,0xe6710e0cda178f3d921f456902707b0d4c4a332b,alto,2468,154,65,353,18,4,10550404.0,13213471.0,2663067.0,411.01907407407407,sync,0.0,3425.0,705.0,1234.0,127470025259.0,1208.0,0.3527007299270073,0.41935483870967744
0x1418bc06ad6a7adda9d2e19371bb912400856013,0x158103a14d8076c350b330139446d621ea864555,alto,431,1,1,4,18,18,11305878.0,11310877.0,4999.0,0.770625,burn,1.0,680.0,10.0,268.0,3.0423225493229195e+26,241.0,0.35441176470588237,0.5
0x08f9bc58d6b63f40d96c2f56e70d03f50f854fbe,0x9ef0f670a3d1d6c12648fc56871e7573c87a7f39,alto,1136,15,4,25,18,18,10938467.0,13190406.0,2251939.0,347.7883101851852,sync,0.0,1614.0,220.0,637.0,1.5350941918802548e+23,514.0,0.3184634448574969,0.25
0xcb9ca8e060a24708f824a7718c0d678acc89bd13,0x2c27bab9b55d3dfe0119b457334c4099e0b4c365,alto,366,27,16,60,18,18,12227999.0,13209250.0,981251.0,152.32023148148147,sync,0.0,630.0,55.0,117.0,8.61591689802536e+21,241.0,0.3825396825396825,0.5714285714285714
0x9d19cb14d2612efb3bc069e70deb92dd11ea3121,0x20994aff2bd833940fb602ea03ad86a86bde03f0,alto,932,5,4,16,18,18,11487250.0,12659166.0,1171916.0,180.5770486111111,burn,1.0,957.0,189.0,228.0,7.611891766238296e+16,438.0,0.45768025078369906,0.6666666666666666
0xb2479047528fe453eae9cfbf86c1ed1fb05e0d15,0x9766d2e3f04ae13e8c2eb018ea51dc640d3f9f1f,alto,254,22,11,74,18,18,11661320.0,12636246.0,974926.0,150.32361111111112,sync,0.0,1907.0,101.0,148.0,3.4859835555780075e+23,1181.0,0.6192973256423702,0.4782608695652174
0x08829bd94c18b66e8262beedc030814f0958b2bc,0x744d31702d6344b0138f4bbd38868ed97c2565b1,alto,401,3,2,8,18,18,10399382.0,10405750.0,6368.0,0.9739583333333334,burn,1.0,827.0,101.0,142.0,1.0936156937798099e+26,594.0,0.7182587666263603,0.5
0xca24cf0ae6e854962c50d91e098115ec7ddd939e,0x422525da3225777c79631c85e35e24473acc2e99,alto,189,28,0,30,18,18,13114988.0,13217344.0,102356.0,15.831423611111111,sync,0.0,278.0,24.0,78.0,2.9105663771164853e+27,189.0,0.6798561151079137,0.0
0x44078c6785764aede03a5d0bdf3faa5c015f274b,0xf550b4f420bb379bf372daec3b670a8cf58dcbb0,alto,643,1,0,6,18,18,11322367.0,11611894.0,289527.0,44.46565972222222,sync,0.0,1429.0,205.0,249.0,2.267894251679959e+21,1069.0,0.748075577326802,0.0
0xfa3dc57a9b7b37a1d66d292fe6e65fa9507e81b8,0x16522d69f81f555a48fecd20279889226459feec,alto,112,1,1,6,18,18,12453760.0,12477630.0,23870.0,3.7111574074074074,burn,1.0,122.0,39.0,59.0,3.666367281296481e+21,55.0,0.45081967213114754,0.5
